product_id,product_name,product_category,subcategory,brand_name,price,available_stock,rating,is_active,launch_date,discount_eligible,avg_shipping_cost,product_weight_kg
P1000,Fruit Juice,groceries,snacks,Verve,34.42,545,2.5,yes,2024-06-08,yes,18.86,1.6
P1001,Formal Shoes,fashion,women_dresses,Zenith,115.74,946,1.73,no,2024-06-07,no,23.94,0.95
P1002,Cotton Shirt,fashion,footwear,GlowCo,43.82,265,1.22,yes,2023-10-17,yes,4.47,0.66
P1003,Decorative Vase,home_decor,lighting,UrbanEdge,97.42,398,1.03,yes,2024-02-01,yes,16.88,1.55
P1004,Face Serum,beauty,skincare,Verve,20.16,356,1.57,yes,2024-06-13,yes,7.85,0.43
P1005,Storage Rack,home_decor,furniture,PlaySphere,55.05,83,3.36,yes,2025-01-27,no,16.44,2.68
P1006,Moisturizer,beauty,makeup,Optima,76.14,997,1.19,yes,2024-12-09,yes,20.76,0.7
P1007,Hair Oil,beauty,skincare,PixelHaus,49.04,832,1.66,yes,2023-05-30,yes,7.92,0.85
P1008,Lipstick Set,beauty,skincare,Nova,28.02,776,4.88,yes,2024-06-15,yes,7.92,0.59
P1009,Organic Oats,groceries,household,Zenith,8.83,799,1.6,no,2024-02-13,no,14.1,2.81
P1010,Smartphone,electronics,audio,Acme,218.12,998,2.06,yes,2023-04-09,yes,2.47,1.51
P1011,Decorative Vase,home_decor,storage,Optima,81.13,341,2.84,yes,2024-07-21,yes,22.93,3.03
P1012,Denim Jeans,fashion,men_shirts,UrbanEdge,35.91,857,4.66,no,2024-10-24,yes,24.88,0.51
P1013,LED Desk Lamp,home_decor,lighting,Optima,39.7,255,3.64,yes,2023-02-09,no,24.49,4.08
P1014,Lipstick Set,beauty,haircare,Acme,64.3,10,4.43,yes,2023-07-16,yes,1.63,0.86
P1015,Dish Soap,groceries,snacks,Nova,43.08,39,2.71,yes,2023-05-27,no,1.19,2.7
P1016,Bluetooth Earbuds,electronics,mobile,Nova,175.83,971,4.91,yes,2023-12-19,no,24.6,1.11
P1017,Moisturizer,beauty,skincare,Natura,45.89,74,2.63,yes,2024-12-11,yes,20.29,0.82
P1018,Formal Shoes,fashion,footwear,Acme,124.31,601,4.84,yes,2023-06-22,no,14.96,0.82
P1019,Portable Speaker,electronics,mobile,Zenith,322.52,290,1.98,yes,2023-07-06,yes,13.0,2.84
P1020,Hair Oil,beauty,makeup,Nova,77.55,293,1.1,yes,2024-04-04,yes,0.33,0.61
P1021,Stuffed Animal,toys,puzzles,Nova,67.75,41,4.8,yes,2023-07-16,no,9.09,1.83
P1022,Shampoo Pack,beauty,makeup,Zenith,43.09,191,4.71,yes,2024-06-24,no,23.96,0.6
P1023,Cotton Shirt,fashion,footwear,Nova,124.6,747,3.14,yes,2024-04-21,yes,3.18,0.95
P1024,Denim Jeans,fashion,women_dresses,Nova,130.55,266,1.68,yes,2024-12-04,no,6.49,0.21
P1025,Hair Oil,beauty,haircare,Natura,49.65,49,3.31,yes,2024-11-08,yes,8.3,0.88
P1026,Wooden Bookshelf,home_decor,furniture,Optima,74.02,506,3.05,yes,2023-05-09,yes,11.58,1.33
P1027,Moisturizer,beauty,skincare,UrbanEdge,40.06,330,4.88,yes,2025-02-23,no,23.53,0.32
P1028,Hair Oil,beauty,makeup,UrbanEdge,44.47,53,2.19,yes,2023-10-11,yes,5.18,0.57
P1029,Instant Coffee,groceries,household,PlaySphere,37.5,185,4.04,no,2024-09-09,no,22.18,2.4
P1030,Wall Art Frame,home_decor,furniture,PixelHaus,178.68,116,1.97,no,2023-10-30,no,4.11,2.8
P1031,Instant Coffee,groceries,snacks,Verve,43.03,758,2.99,yes,2023-08-09,yes,5.64,2.07
P1032,Instant Coffee,groceries,beverages,Acme,10.3,177,2.95,yes,2023-12-11,no,9.55,2.32
P1033,Instant Coffee,groceries,snacks,Nova,28.06,786,2.03,no,2023-01-26,no,13.59,1.43
P1034,Leather Jacket,fashion,men_shirts,Optima,127.95,418,2.97,yes,2023-11-05,no,20.05,0.3
P1035,Lego Set,toys,action_figures,Verve,62.94,765,1.55,yes,2024-07-03,no,19.36,1.17
P1036,Wooden Bookshelf,home_decor,storage,Nova,72.41,159,1.77,no,2023-08-24,yes,15.15,4.49
P1037,Instant Coffee,groceries,beverages,Natura,21.51,936,2.66,yes,2023-03-15,yes,11.72,0.91
P1038,Decorative Vase,home_decor,storage,PlaySphere,55.7,876,4.06,yes,2024-07-17,no,23.35,1.1
P1039,Noise Cancelling Headphones,electronics,mobile,Acme,154.88,774,2.14,yes,2023-12-24,no,24.8,1.84
P1040,Cotton Shirt,fashion,footwear,Acme,87.28,81,4.98,yes,2023-09-17,yes,16.45,0.54
P1041,Wireless Mouse,electronics,laptop,Natura,291.85,624,1.31,yes,2024-08-04,no,14.03,0.95
P1042,Organic Oats,groceries,beverages,Acme,22.95,604,2.23,yes,2023-09-04,no,19.25,1.9
P1043,Noise Cancelling Headphones,electronics,camera,Zenith,399.81,562,4.16,yes,2023-06-05,no,16.67,2.59
P1044,Noise Cancelling Headphones,electronics,audio,Zenith,225.7,945,4.45,yes,2023-09-15,no,17.54,1.79
P1045,Lipstick Set,beauty,haircare,Zenith,74.34,211,2.04,yes,2023-12-18,yes,15.38,0.1
P1046,Stuffed Animal,toys,action_figures,Zenith,18.92,228,2.36,yes,2023-08-25,no,12.58,1.6
P1047,Portable Speaker,electronics,mobile,Natura,331.81,623,1.21,no,2024-10-20,yes,8.47,2.17
P1048,Hair Oil,beauty,haircare,Zenith,33.25,601,3.73,no,2023-11-11,yes,20.88,0.47
P1049,Shampoo Pack,beauty,skincare,Optima,12.68,347,1.35,yes,2024-03-08,no,12.67,0.95
P1050,Wooden Bookshelf,home_decor,storage,Verve,169.7,669,3.24,no,2023-03-17,no,22.15,2.35
P1051,Casual Dress,fashion,women_dresses,PlaySphere,76.22,432,1.99,yes,2024-09-14,yes,7.78,0.6
P1052,Storage Rack,home_decor,furniture,Natura,89.31,196,1.6,yes,2024-04-05,yes,8.13,3.88
P1053,Smartphone,electronics,camera,Zenith,143.52,330,1.53,yes,2024-08-28,no,17.5,2.38
P1054,Fruit Juice,groceries,household,Nova,34.64,460,2.7,yes,2024-10-16,yes,7.22,0.81
P1055,Wooden Bookshelf,home_decor,storage,GlowCo,130.99,417,4.42,yes,2025-01-10,no,4.67,4.13
P1056,Wireless Mouse,electronics,laptop,GlowCo,216.49,414,2.12,yes,2024-12-28,yes,22.29,1.78
P1057,Organic Oats,groceries,snacks,Natura,29.14,374,3.18,yes,2024-05-15,yes,24.12,1.8
P1058,Casual Dress,fashion,women_dresses,Acme,38.28,494,2.18,yes,2023-07-31,yes,3.1,0.23
P1059,Energy Drink,groceries,household,Zenith,4.74,959,1.79,yes,2024-04-11,no,1.43,1.99
P1060,Wall Art Frame,home_decor,storage,Optima,180.26,496,4.96,yes,2023-01-01,no,6.61,4.46
P1061,Moisturizer,beauty,makeup,Nova,34.52,156,2.55,yes,2023-04-27,yes,20.99,0.53
P1062,LED Desk Lamp,home_decor,furniture,GlowCo,95.82,18,2.0,no,2024-01-26,no,10.91,4.03
P1063,Smartphone,electronics,mobile,Natura,316.63,861,3.27,yes,2024-04-29,yes,0.59,0.57
P1064,Portable Speaker,electronics,camera,Verve,117.34,976,2.85,yes,2023-11-21,no,10.59,1.38
P1065,Lego Set,toys,educational,Nova,94.55,773,4.32,yes,2023-04-14,yes,11.23,0.34
P1066,Wooden Bookshelf,home_decor,storage,Verve,87.43,522,1.54,yes,2023-04-02,yes,5.35,4.03
P1067,Denim Jeans,fashion,footwear,PixelHaus,46.55,912,4.24,yes,2024-09-29,no,6.58,0.25
P1068,Lipstick Set,beauty,skincare,PixelHaus,20.12,838,1.68,yes,2023-08-06,no,17.25,0.78
P1069,Decorative Vase,home_decor,lighting,Verve,65.93,124,3.46,yes,2023-08-12,no,13.41,2.21
P1070,Cotton Shirt,fashion,footwear,PixelHaus,116.96,800,1.82,no,2025-01-17,yes,9.69,0.94
P1071,Stuffed Animal,toys,educational,Acme,76.07,311,4.44,yes,2023-09-06,yes,5.55,1.73
P1072,Storage Rack,home_decor,lighting,UrbanEdge,98.28,94,3.01,yes,2024-01-12,no,23.67,2.79
P1073,Casual Dress,fashion,footwear,PlaySphere,21.51,613,1.47,yes,2024-08-30,no,7.56,0.61
P1074,Portable Speaker,electronics,camera,Natura,191.93,135,3.82,yes,2023-09-05,no,6.63,0.51
P1075,Denim Jeans,fashion,footwear,PlaySphere,43.2,966,2.59,yes,2024-10-12,no,2.43,0.74
P1076,Dish Soap,groceries,beverages,PixelHaus,9.62,27,2.84,yes,2024-08-30,no,20.39,2.85
P1077,Wireless Mouse,electronics,camera,Nova,232.68,466,3.56,yes,2023-10-28,no,9.93,2.46
P1078,Lego Set,toys,educational,Acme,57.79,22,3.39,yes,2024-01-22,yes,23.91,1.75
P1079,Wall Art Frame,home_decor,storage,PlaySphere,173.8,779,1.2,yes,2024-06-28,yes,15.05,2.03
P1080,Lego Set,toys,puzzles,Nova,44.91,303,1.37,yes,2023-04-20,yes,19.49,1.57
P1081,Lego Set,toys,educational,Optima,25.61,229,1.45,yes,2023-12-18,yes,8.44,1.49
P1082,Organic Oats,groceries,beverages,Acme,35.18,117,3.71,yes,2024-03-05,no,17.76,0.48
P1083,LED Desk Lamp,home_decor,storage,PlaySphere,103.08,739,4.05,yes,2023-08-07,no,16.82,1.06
P1084,Energy Drink,groceries,beverages,Zenith,27.74,235,2.8,yes,2024-09-15,no,7.31,2.63
P1085,Wireless Mouse,electronics,laptop,PlaySphere,306.38,63,2.67,yes,2023-07-11,yes,7.04,1.63
P1086,Wall Art Frame,home_decor,storage,Optima,88.85,324,4.38,yes,2023-08-24,no,3.06,2.56
P1087,Casual Dress,fashion,men_shirts,PixelHaus,80.28,730,3.49,yes,2023-11-16,no,12.32,0.6
P1088,Wireless Mouse,electronics,laptop,Optima,448.29,227,2.58,yes,2024-11-19,no,3.7,1.25
P1089,Decorative Vase,home_decor,furniture,Acme,142.1,891,2.89,yes,2023-08-10,yes,4.43,1.24
P1090,Decorative Vase,home_decor,lighting,Acme,84.23,349,4.47,yes,2024-03-03,no,18.2,3.75
P1091,Organic Oats,groceries,beverages,Acme,2.65,874,3.11,yes,2024-05-23,no,10.99,2.5
P1092,Dish Soap,groceries,snacks,Verve,30.76,585,3.43,yes,2023-01-17,yes,12.1,1.5
P1093,Portable Speaker,electronics,audio,Natura,315.12,402,1.18,yes,2023-07-02,no,3.03,2.8
P1094,Action Figure,toys,action_figures,PlaySphere,74.3,669,1.34,no,2024-04-28,yes,1.58,1.83
P1095,Denim Jeans,fashion,women_dresses,Nova,45.71,53,4.22,yes,2023-06-09,no,21.87,0.85
P1096,Wall Art Frame,home_decor,storage,Verve,122.47,15,2.18,yes,2025-01-01,yes,6.84,4.3
P1097,Wireless Mouse,electronics,laptop,Zenith,102.45,282,1.0,yes,2023-12-27,yes,15.88,1.68
P1098,Lipstick Set,beauty,haircare,PlaySphere,79.35,925,1.26,yes,2024-11-11,yes,13.6,0.51
P1099,Smartphone,electronics,camera,PixelHaus,455.45,869,3.15,yes,2024-04-09,no,13.87,1.66
P1100,Fruit Juice,groceries,snacks,Acme,5.23,794,3.06,yes,2023-07-13,no,12.23,0.9
P1101,Wireless Mouse,electronics,mobile,Nova,493.53,273,2.75,yes,2024-12-06,no,15.19,2.86
P1102,Denim Jeans,fashion,men_shirts,PlaySphere,50.48,599,1.31,yes,2023-08-27,yes,3.13,0.55
P1103,Noise Cancelling Headphones,electronics,camera,Acme,321.59,755,1.19,no,2023-04-20,yes,12.1,2.38
P1104,Shampoo Pack,beauty,skincare,PlaySphere,21.63,807,3.29,yes,2024-06-14,yes,21.48,0.86
P1105,Portable Speaker,electronics,laptop,GlowCo,216.78,375,4.11,yes,2024-02-27,yes,15.44,2.88
P1106,Rubik's Cube,toys,educational,Optima,84.66,522,1.34,yes,2023-03-05,no,16.47,1.1
P1107,Dish Soap,groceries,household,Zenith,20.33,159,3.87,yes,2024-08-15,yes,6.71,0.84
P1108,Wall Art Frame,home_decor,storage,Nova,66.32,696,2.75,yes,2024-02-01,no,7.83,4.56
P1109,LED Desk Lamp,home_decor,storage,PlaySphere,137.62,476,3.87,yes,2023-06-25,yes,3.66,2.46
P1110,Leather Jacket,fashion,men_shirts,UrbanEdge,140.57,877,2.57,yes,2024-12-25,yes,6.34,0.35
P1111,Bluetooth Earbuds,electronics,laptop,GlowCo,112.8,709,2.71,yes,2024-10-23,no,11.57,2.07
P1112,Moisturizer,beauty,makeup,Nova,13.98,863,2.05,no,2023-09-19,yes,14.1,0.2
P1113,Board Game,toys,puzzles,Natura,89.6,347,2.24,yes,2025-01-27,no,21.09,0.65
P1114,Leather Jacket,fashion,men_shirts,Optima,149.14,875,2.94,yes,2024-03-28,no,21.75,0.59
P1115,Stuffed Animal,toys,puzzles,Verve,26.52,308,4.46,yes,2023-12-15,yes,24.08,0.85
P1116,Storage Rack,home_decor,storage,Acme,126.44,489,2.98,yes,2023-06-10,no,16.5,1.45
P1117,Moisturizer,beauty,skincare,Verve,13.48,247,1.42,yes,2023-05-18,no,24.5,0.39
P1118,Lipstick Set,beauty,skincare,PixelHaus,10.35,232,1.14,yes,2024-07-17,no,0.5,0.46
P1119,Rubik's Cube,toys,puzzles,Acme,15.71,937,1.91,yes,2024-01-10,yes,3.03,1.71
P1120,Casual Dress,fashion,women_dresses,UrbanEdge,28.62,389,3.82,yes,2025-02-07,yes,21.32,0.27
P1121,Storage Rack,home_decor,furniture,Verve,61.26,891,4.25,yes,2024-11-02,yes,13.62,2.37
P1122,Leather Jacket,fashion,women_dresses,GlowCo,148.36,81,3.73,no,2024-10-17,yes,9.53,0.58
P1123,Organic Oats,groceries,household,Acme,37.43,628,1.91,yes,2023-03-30,no,10.63,1.45
P1124,Instant Coffee,groceries,snacks,Zenith,8.08,357,2.09,yes,2023-06-13,yes,14.02,2.87
P1125,Action Figure,toys,action_figures,PlaySphere,19.71,839,1.3,yes,2024-03-11,yes,20.48,1.04
P1126,Storage Rack,home_decor,lighting,Zenith,122.82,625,1.38,yes,2024-03-04,yes,4.44,4.03
P1127,Lego Set,toys,educational,UrbanEdge,48.19,54,3.01,yes,2024-01-26,no,9.48,0.44
P1128,Hair Oil,beauty,haircare,Nova,10.36,767,2.93,yes,2025-02-27,yes,24.41,0.64
P1129,Formal Shoes,fashion,men_shirts,PlaySphere,111.07,240,2.4,yes,2024-05-25,yes,9.28,0.62
P1130,Fruit Juice,groceries,beverages,PixelHaus,4.3,868,3.25,yes,2024-10-13,no,8.13,2.78
P1131,Leather Jacket,fashion,footwear,UrbanEdge,143.74,95,4.69,yes,2024-01-26,yes,11.06,0.38
P1132,Energy Drink,groceries,beverages,Zenith,19.09,578,2.47,yes,2024-07-08,no,0.84,0.51
P1133,Decorative Vase,home_decor,furniture,UrbanEdge,121.1,21,1.41,no,2023-05-10,yes,12.89,4.77
P1134,Energy Drink,groceries,beverages,Verve,23.17,396,1.48,yes,2023-01-21,no,5.95,0.74
P1135,Leather Jacket,fashion,footwear,GlowCo,115.23,644,3.02,yes,2023-06-07,yes,5.63,0.77
P1136,Board Game,toys,puzzles,GlowCo,50.46,254,1.97,yes,2025-01-24,no,2.9,0.83
P1137,Bluetooth Earbuds,electronics,mobile,Nova,376.97,121,4.62,yes,2024-01-13,yes,8.78,2.85
P1138,Moisturizer,beauty,makeup,Optima,10.24,275,2.07,yes,2025-02-07,no,21.02,0.23
P1139,Rubik's Cube,toys,action_figures,PixelHaus,97.65,788,3.04,yes,2023-12-10,yes,4.55,0.87
P1140,Decorative Vase,home_decor,lighting,Verve,192.6,836,4.74,yes,2024-11-04,yes,12.67,4.39
P1141,Noise Cancelling Headphones,electronics,audio,Natura,393.68,788,1.95,yes,2024-02-17,yes,23.97,2.2
P1142,Wall Art Frame,home_decor,furniture,UrbanEdge,115.49,47,3.12,yes,2023-06-11,no,2.84,1.01
P1143,Stuffed Animal,toys,educational,Zenith,79.7,906,3.28,yes,2025-01-27,no,16.9,1.81
P1144,Fruit Juice,groceries,household,PlaySphere,28.47,570,4.39,yes,2024-08-06,yes,21.53,2.47
P1145,Casual Dress,fashion,footwear,Verve,32.36,536,4.84,yes,2024-08-17,yes,6.92,0.72
P1146,Cotton Shirt,fashion,women_dresses,Nova,28.48,841,3.01,yes,2023-03-07,no,4.47,0.47
P1147,Energy Drink,groceries,beverages,Acme,48.99,40,1.3,yes,2023-06-17,no,18.69,2.72
P1148,Organic Oats,groceries,snacks,Nova,14.95,214,3.71,no,2023-06-03,yes,18.94,2.9
P1149,Hair Oil,beauty,makeup,Nova,38.26,61,2.62,yes,2023-05-28,no,14.78,0.89
P1150,Leather Jacket,fashion,men_shirts,PlaySphere,34.58,963,4.43,yes,2023-07-02,yes,15.16,0.94
P1151,Rubik's Cube,toys,puzzles,GlowCo,54.38,548,4.64,yes,2024-01-06,yes,14.72,1.72
P1152,Hair Oil,beauty,haircare,UrbanEdge,27.25,682,1.91,yes,2024-07-14,yes,9.64,0.85
P1153,Smartphone,electronics,laptop,Optima,347.53,584,1.28,yes,2024-10-17,yes,16.88,0.54
P1154,Shampoo Pack,beauty,haircare,Zenith,60.49,674,4.76,yes,2024-09-03,yes,4.86,0.45
P1155,Lego Set,toys,action_figures,PlaySphere,14.49,107,3.3,yes,2023-03-03,yes,20.96,0.3
P1156,Lipstick Set,beauty,haircare,Verve,25.41,545,4.67,yes,2024-06-23,yes,5.09,0.96
P1157,Decorative Vase,home_decor,lighting,PlaySphere,63.41,73,2.29,no,2024-11-14,no,22.15,1.83
P1158,LED Desk Lamp,home_decor,lighting,GlowCo,169.46,512,4.57,yes,2024-12-16,no,20.71,4.09
P1159,Stuffed Animal,toys,educational,Verve,89.03,138,3.72,yes,2023-02-27,no,4.56,0.33
P1160,Fruit Juice,groceries,household,Natura,4.18,657,1.82,yes,2024-09-11,yes,17.87,1.33
P1161,Wall Art Frame,home_decor,storage,PlaySphere,38.79,505,2.43,yes,2024-11-01,yes,23.76,4.48
P1162,Storage Rack,home_decor,furniture,Acme,89.69,796,2.74,yes,2023-02-09,yes,6.36,2.32
P1163,Decorative Vase,home_decor,storage,PlaySphere,72.35,98,3.89,yes,2023-12-02,yes,19.27,2.25
P1164,Board Game,toys,puzzles,Optima,22.92,742,2.85,no,2023-10-08,yes,21.19,1.83
P1165,Stuffed Animal,toys,educational,Optima,16.81,583,1.77,yes,2023-02-07,no,10.24,1.71
P1166,Instant Coffee,groceries,household,Verve,11.13,977,4.65,yes,2024-05-26,yes,4.82,1.47
P1167,Energy Drink,groceries,beverages,Verve,8.58,499,3.81,no,2023-06-03,yes,1.86,2.03
P1168,Face Serum,beauty,skincare,Nova,54.79,654,2.33,yes,2024-03-30,yes,23.21,0.47
P1169,Instant Coffee,groceries,household,Verve,36.09,422,3.03,yes,2024-10-02,yes,11.4,2.83
P1170,Organic Oats,groceries,household,Verve,45.25,432,3.77,yes,2023-02-14,no,20.51,2.12
P1171,Stuffed Animal,toys,action_figures,Zenith,44.09,791,3.16,yes,2024-12-10,no,23.71,1.94
P1172,Lego Set,toys,action_figures,Acme,92.1,219,2.19,yes,2024-01-29,yes,0.75,0.99
P1173,Denim Jeans,fashion,women_dresses,UrbanEdge,138.52,44,1.55,yes,2024-07-11,yes,14.28,0.74
P1174,Wall Art Frame,home_decor,furniture,Nova,136.57,164,4.51,yes,2024-06-18,no,4.82,3.07
P1175,Storage Rack,home_decor,storage,PlaySphere,109.57,389,2.8,yes,2024-07-01,no,18.35,1.97
P1176,Moisturizer,beauty,makeup,PixelHaus,49.21,508,4.92,yes,2024-01-22,no,2.43,0.22
P1177,Portable Speaker,electronics,laptop,Acme,116.69,177,3.8,yes,2024-03-05,no,0.16,1.97
P1178,Casual Dress,fashion,footwear,Verve,27.77,399,2.73,yes,2024-11-23,yes,9.99,0.24
P1179,Storage Rack,home_decor,furniture,UrbanEdge,138.36,332,1.45,yes,2023-03-16,yes,19.8,3.72
P1180,Formal Shoes,fashion,footwear,Nova,109.39,612,3.34,yes,2024-05-19,no,22.4,0.56
P1181,Stuffed Animal,toys,action_figures,Natura,80.3,712,3.19,yes,2024-12-12,yes,17.14,0.93
P1182,Shampoo Pack,beauty,haircare,PixelHaus,13.04,327,4.93,yes,2024-02-13,no,7.7,0.5
P1183,Cotton Shirt,fashion,women_dresses,Acme,86.5,883,2.32,yes,2023-09-07,yes,23.45,0.63
P1184,Moisturizer,beauty,skincare,Natura,46.03,970,4.19,yes,2023-11-22,no,4.29,0.66
P1185,Portable Speaker,electronics,audio,Zenith,414.83,130,2.7,yes,2024-05-15,yes,3.21,0.5
P1186,Smartphone,electronics,mobile,Verve,390.02,713,4.8,yes,2024-09-15,no,3.91,2.76
P1187,Lego Set,toys,educational,Nova,40.59,444,4.34,yes,2024-06-25,no,23.73,1.83
P1188,Lego Set,toys,action_figures,Optima,96.92,45,1.17,yes,2023-09-25,yes,0.86,1.36
P1189,Smartphone,electronics,mobile,Verve,407.16,777,2.94,yes,2025-02-15,yes,9.35,2.38
P1190,Moisturizer,beauty,skincare,Acme,44.14,436,2.8,no,2023-05-19,no,17.58,0.19
P1191,Moisturizer,beauty,skincare,PlaySphere,11.76,908,1.08,yes,2024-06-02,no,17.92,0.15
P1192,Wooden Bookshelf,home_decor,storage,Nova,109.68,187,1.98,no,2024-06-30,yes,5.88,4.33
P1193,Portable Speaker,electronics,audio,PlaySphere,272.55,654,4.35,yes,2023-12-20,no,14.26,1.39
P1194,Noise Cancelling Headphones,electronics,laptop,PixelHaus,366.75,70,2.09,yes,2024-05-06,no,9.04,2.85
P1195,Face Serum,beauty,makeup,Verve,38.68,400,4.29,yes,2024-04-20,no,24.73,0.41
P1196,Stuffed Animal,toys,educational,UrbanEdge,71.66,128,3.13,yes,2023-06-07,no,22.33,1.64
P1197,Noise Cancelling Headphones,electronics,camera,Natura,433.14,380,2.48,yes,2023-05-21,yes,19.63,2.39
P1198,Smartphone,electronics,laptop,PixelHaus,214.48,822,3.12,yes,2024-09-22,yes,18.17,2.79
P1199,Lipstick Set,beauty,makeup,PlaySphere,44.67,727,3.46,no,2024-05-01,no,23.43,0.58
P1200,Lego Set,toys,action_figures,Acme,27.58,85,4.82,yes,2025-02-11,yes,10.74,1.7
P1201,Noise Cancelling Headphones,electronics,mobile,Zenith,300.87,935,4.15,yes,2023-10-17,yes,0.03,2.75
P1202,Stuffed Animal,toys,action_figures,PixelHaus,19.48,890,2.23,yes,2024-08-17,yes,19.19,1.32
P1203,Energy Drink,groceries,snacks,Optima,25.85,693,3.24,yes,2023-11-11,no,4.04,2.26
P1204,Decorative Vase,home_decor,lighting,Acme,168.92,436,3.54,yes,2024-02-16,yes,0.49,3.81
P1205,LED Desk Lamp,home_decor,storage,Verve,117.68,498,1.08,yes,2025-01-24,yes,16.6,4.0
P1206,Stuffed Animal,toys,educational,Zenith,37.27,477,2.86,yes,2024-06-28,yes,13.49,1.45
P1207,Action Figure,toys,puzzles,Zenith,96.47,348,2.82,yes,2024-06-07,yes,7.1,1.1
P1208,Board Game,toys,educational,Verve,24.24,691,1.47,yes,2024-11-11,no,21.68,0.84
P1209,Smartphone,electronics,camera,Natura,372.73,343,1.54,yes,2024-07-15,yes,3.23,1.63
P1210,Cotton Shirt,fashion,footwear,Acme,130.8,34,1.76,yes,2023-09-05,yes,24.83,0.79
P1211,Board Game,toys,puzzles,PixelHaus,14.27,528,3.93,yes,2023-09-19,no,9.96,1.19
P1212,Storage Rack,home_decor,storage,UrbanEdge,91.84,634,3.99,yes,2024-05-16,yes,5.97,4.64
P1213,Storage Rack,home_decor,storage,Natura,113.67,616,2.9,yes,2023-01-25,yes,16.72,2.01
P1214,Energy Drink,groceries,household,Acme,2.25,100,4.94,no,2023-06-23,yes,0.39,0.55
P1215,Leather Jacket,fashion,women_dresses,PixelHaus,139.72,90,1.96,yes,2023-10-22,yes,21.57,0.32
P1216,Board Game,toys,action_figures,Optima,75.13,956,3.87,yes,2024-04-27,no,5.25,1.55
P1217,Shampoo Pack,beauty,makeup,GlowCo,78.76,672,2.06,yes,2025-02-25,no,10.87,0.67
P1218,Energy Drink,groceries,beverages,PlaySphere,26.01,850,3.77,yes,2024-04-05,no,1.02,1.07
P1219,Action Figure,toys,action_figures,Acme,38.62,939,4.62,yes,2023-10-04,no,16.24,0.68
P1220,Stuffed Animal,toys,action_figures,UrbanEdge,80.5,589,1.56,yes,2024-09-10,yes,15.67,0.48
P1221,Portable Speaker,electronics,mobile,Natura,399.42,603,4.53,yes,2023-04-28,no,11.92,0.98
P1222,Portable Speaker,electronics,mobile,Natura,108.34,265,3.47,yes,2023-11-05,no,6.57,1.02
P1223,Fruit Juice,groceries,beverages,GlowCo,7.61,742,2.63,yes,2023-05-26,no,23.62,0.41
P1224,Wall Art Frame,home_decor,lighting,Optima,152.62,964,4.37,yes,2023-05-21,yes,15.65,3.06
P1225,Denim Jeans,fashion,men_shirts,PlaySphere,65.29,416,2.0,yes,2024-09-20,yes,4.61,0.57
P1226,Noise Cancelling Headphones,electronics,mobile,Natura,374.38,717,2.2,yes,2024-02-14,yes,8.46,2.99
P1227,Wireless Mouse,electronics,laptop,Verve,216.28,953,1.94,yes,2023-08-15,no,15.37,1.39
P1228,Energy Drink,groceries,beverages,UrbanEdge,36.23,412,4.55,yes,2024-06-12,no,17.48,2.29
P1229,Wireless Mouse,electronics,mobile,Acme,471.26,957,1.74,yes,2024-07-03,yes,7.08,1.36
P1230,Portable Speaker,electronics,laptop,Nova,208.14,237,2.73,no,2024-09-08,no,8.26,2.25
P1231,Lipstick Set,beauty,makeup,Zenith,56.19,75,3.64,yes,2023-07-26,no,21.83,0.47
P1232,Lipstick Set,beauty,haircare,PixelHaus,62.2,599,2.87,yes,2024-08-21,yes,7.49,0.76
P1233,Denim Jeans,fashion,footwear,PixelHaus,21.34,34,1.41,yes,2023-06-10,yes,4.09,0.23
P1234,Smartphone,electronics,laptop,GlowCo,407.02,815,3.32,yes,2024-04-01,no,21.67,2.76
P1235,Leather Jacket,fashion,women_dresses,Acme,121.0,525,2.06,yes,2023-05-08,no,22.15,0.24
P1236,Rubik's Cube,toys,action_figures,PlaySphere,78.98,357,3.44,yes,2024-05-18,no,21.11,0.32
P1237,Leather Jacket,fashion,women_dresses,Nova,82.66,664,2.99,yes,2023-12-16,yes,16.17,0.9
P1238,Rubik's Cube,toys,puzzles,Natura,38.69,701,3.28,yes,2024-11-18,yes,24.43,0.2
P1239,Storage Rack,home_decor,storage,Optima,136.49,262,4.66,yes,2023-03-05,no,22.51,3.64
P1240,Wall Art Frame,home_decor,storage,Acme,30.65,10,4.3,yes,2024-01-17,yes,21.44,3.25
P1241,LED Desk Lamp,home_decor,storage,Natura,160.94,513,3.74,no,2023-08-29,yes,14.19,2.14
P1242,Wireless Mouse,electronics,audio,PixelHaus,260.27,295,4.53,yes,2024-03-01,no,7.06,0.73
P1243,Dish Soap,groceries,snacks,Nova,27.65,272,4.65,yes,2023-02-10,no,13.38,1.7
P1244,Fruit Juice,groceries,household,Nova,43.93,32,4.84,yes,2025-02-07,no,3.76,1.41
P1245,Action Figure,toys,puzzles,UrbanEdge,72.35,108,3.9,yes,2023-12-15,yes,6.87,1.22
P1246,Casual Dress,fashion,footwear,Zenith,110.91,259,4.2,yes,2023-12-07,yes,7.88,0.42
P1247,Formal Shoes,fashion,men_shirts,Verve,63.48,957,4.9,no,2024-01-17,no,6.45,0.92
P1248,Fruit Juice,groceries,household,UrbanEdge,35.52,989,4.2,yes,2023-12-17,yes,18.73,1.53
P1249,Portable Speaker,electronics,mobile,UrbanEdge,495.76,243,3.6,yes,2024-11-15,no,19.0,1.71
P1250,Smartphone,electronics,laptop,UrbanEdge,164.3,100,3.08,yes,2023-12-02,yes,24.97,1.16
P1251,Organic Oats,groceries,snacks,PixelHaus,17.83,675,1.5,yes,2023-08-14,no,8.87,2.95
P1252,Noise Cancelling Headphones,electronics,mobile,Natura,324.79,543,4.15,yes,2023-01-20,no,12.28,1.55
P1253,Decorative Vase,home_decor,furniture,Natura,170.04,531,3.56,yes,2024-04-06,yes,2.69,3.8
P1254,Decorative Vase,home_decor,storage,Natura,78.17,436,3.16,yes,2024-01-14,yes,8.41,4.52
P1255,Lego Set,toys,educational,GlowCo,54.45,522,4.33,yes,2023-02-02,yes,20.96,1.42
P1256,Organic Oats,groceries,household,Optima,21.38,784,3.0,yes,2025-01-20,no,19.99,2.83
P1257,Formal Shoes,fashion,footwear,Acme,26.44,642,3.03,yes,2024-11-12,no,17.18,0.83
P1258,Moisturizer,beauty,haircare,Acme,48.36,722,1.1,yes,2024-10-05,no,2.92,0.25
P1259,Decorative Vase,home_decor,furniture,GlowCo,62.71,310,2.36,yes,2023-10-26,no,24.02,3.31
P1260,Leather Jacket,fashion,men_shirts,UrbanEdge,119.72,802,2.09,yes,2024-10-02,no,3.81,0.93
P1261,Wireless Mouse,electronics,audio,UrbanEdge,300.17,67,4.05,yes,2023-10-17,yes,5.54,2.1
P1262,Smartphone,electronics,laptop,GlowCo,315.52,254,3.05,yes,2024-09-12,yes,21.31,0.69
P1263,Noise Cancelling Headphones,electronics,mobile,Acme,220.37,379,3.21,yes,2024-08-24,yes,18.05,0.85
P1264,LED Desk Lamp,home_decor,lighting,UrbanEdge,198.99,341,1.75,yes,2024-02-11,yes,23.84,3.04
P1265,Decorative Vase,home_decor,furniture,Natura,190.96,500,3.32,yes,2024-07-19,yes,16.47,4.29
P1266,Moisturizer,beauty,skincare,GlowCo,18.9,388,2.0,yes,2024-02-14,no,24.59,0.24
P1267,Shampoo Pack,beauty,makeup,UrbanEdge,67.64,136,4.82,yes,2024-11-01,no,5.8,0.35
P1268,Formal Shoes,fashion,footwear,Zenith,50.04,921,3.73,yes,2024-07-29,yes,20.96,0.96
P1269,Lipstick Set,beauty,makeup,Zenith,24.87,848,1.66,yes,2024-07-20,no,23.38,0.8
P1270,Leather Jacket,fashion,footwear,Natura,28.8,346,1.56,yes,2023-12-31,yes,0.03,0.93
P1271,Fruit Juice,groceries,beverages,Verve,47.81,91,3.53,no,2024-05-12,yes,0.5,0.9
P1272,Wall Art Frame,home_decor,storage,Optima,33.38,785,4.84,yes,2024-07-08,no,6.36,3.12
P1273,Wooden Bookshelf,home_decor,furniture,PixelHaus,198.84,711,3.77,yes,2023-04-30,yes,20.39,4.51
P1274,Casual Dress,fashion,men_shirts,Natura,95.99,216,2.33,yes,2023-07-28,no,15.92,0.73
P1275,LED Desk Lamp,home_decor,lighting,UrbanEdge,64.56,214,3.79,yes,2024-05-14,no,14.38,1.45
P1276,Moisturizer,beauty,haircare,Optima,32.99,896,4.08,yes,2024-01-19,no,21.46,0.81
P1277,Wooden Bookshelf,home_decor,storage,Verve,159.66,964,2.9,yes,2023-07-20,no,13.87,4.72
P1278,Rubik's Cube,toys,educational,Acme,70.34,482,4.06,yes,2023-05-31,no,13.44,1.29
P1279,Moisturizer,beauty,makeup,Zenith,29.0,719,2.93,yes,2025-02-27,yes,22.51,0.77
P1280,Decorative Vase,home_decor,storage,Optima,125.65,999,3.46,yes,2025-01-09,yes,12.48,3.17
P1281,Wooden Bookshelf,home_decor,lighting,Optima,126.1,472,2.59,no,2024-05-01,no,7.91,1.41
P1282,Wireless Mouse,electronics,audio,Zenith,140.9,687,1.38,yes,2023-06-12,no,19.79,2.92
P1283,Wireless Mouse,electronics,laptop,Verve,271.46,602,4.07,yes,2023-12-20,no,22.13,1.87
P1284,Storage Rack,home_decor,lighting,UrbanEdge,199.79,343,3.74,yes,2024-06-25,no,3.84,4.3
P1285,Hair Oil,beauty,skincare,Nova,11.39,349,2.23,yes,2023-12-14,yes,4.11,0.82
P1286,Organic Oats,groceries,household,PixelHaus,19.66,475,3.68,yes,2024-12-23,yes,0.38,0.68
P1287,Wireless Mouse,electronics,mobile,Zenith,475.34,126,3.37,yes,2024-02-23,no,16.08,1.17
P1288,Portable Speaker,electronics,laptop,PixelHaus,330.03,451,2.7,yes,2023-03-24,yes,15.32,2.83
P1289,Dish Soap,groceries,household,PixelHaus,49.85,952,4.54,yes,2024-12-15,yes,5.9,1.54
P1290,Face Serum,beauty,haircare,Zenith,47.19,27,4.16,yes,2024-11-11,yes,9.45,0.19
P1291,Dish Soap,groceries,beverages,Optima,15.48,257,2.51,yes,2025-02-11,no,18.24,0.73
P1292,Portable Speaker,electronics,camera,Verve,116.41,104,3.15,yes,2024-11-08,no,7.39,0.75
P1293,Bluetooth Earbuds,electronics,laptop,PixelHaus,104.74,407,1.56,yes,2023-04-11,yes,12.49,1.65
P1294,Formal Shoes,fashion,women_dresses,Verve,52.31,446,3.91,yes,2023-09-24,no,12.61,0.71
P1295,Cotton Shirt,fashion,footwear,Zenith,125.62,239,1.68,yes,2023-02-04,yes,21.44,0.65
P1296,Smartphone,electronics,audio,Nova,410.01,137,2.84,yes,2024-11-27,yes,22.59,0.7
P1297,Rubik's Cube,toys,action_figures,Nova,71.15,138,3.01,yes,2023-03-31,no,11.54,1.52
P1298,LED Desk Lamp,home_decor,lighting,UrbanEdge,128.59,467,3.22,yes,2024-06-23,yes,7.79,4.24
P1299,Organic Oats,groceries,household,PixelHaus,16.59,48,1.56,yes,2025-01-10,yes,1.91,2.31
P1300,Lego Set,toys,puzzles,UrbanEdge,10.72,872,2.11,no,2023-08-18,yes,17.06,1.14
P1301,Board Game,toys,puzzles,PixelHaus,33.57,828,2.32,yes,2023-04-10,yes,11.87,0.35
P1302,Leather Jacket,fashion,men_shirts,Zenith,112.9,993,1.23,no,2024-07-04,no,17.07,0.94
P1303,Dish Soap,groceries,beverages,Zenith,8.71,430,3.5,yes,2023-04-12,yes,0.53,2.4
P1304,Portable Speaker,electronics,camera,UrbanEdge,486.59,240,4.99,yes,2024-03-04,no,17.04,1.62
P1305,Dish Soap,groceries,beverages,Zenith,10.04,199,3.15,yes,2024-01-27,yes,8.52,2.55
P1306,Board Game,toys,action_figures,Verve,92.37,451,4.15,yes,2023-02-12,no,17.26,0.88
P1307,Rubik's Cube,toys,educational,Optima,51.4,883,2.36,yes,2025-02-01,yes,6.89,0.5
P1308,Organic Oats,groceries,beverages,PlaySphere,4.31,350,3.14,yes,2024-10-31,no,19.29,1.83
P1309,Stuffed Animal,toys,action_figures,Nova,21.92,922,1.23,yes,2023-07-27,yes,24.54,0.43
P1310,Stuffed Animal,toys,puzzles,PixelHaus,66.42,105,2.7,yes,2024-09-07,no,16.86,1.74
P1311,Portable Speaker,electronics,laptop,Nova,414.99,603,2.81,yes,2023-12-01,no,19.22,0.79
P1312,Decorative Vase,home_decor,storage,PlaySphere,111.39,327,1.11,yes,2024-12-03,yes,17.42,2.49
P1313,Bluetooth Earbuds,electronics,mobile,PlaySphere,221.57,675,2.78,yes,2024-04-26,no,17.0,2.05
P1314,LED Desk Lamp,home_decor,lighting,Zenith,120.11,482,2.44,no,2024-04-18,no,20.96,4.84
P1315,Formal Shoes,fashion,men_shirts,Zenith,93.72,834,1.5,yes,2024-05-28,yes,13.82,0.21
P1316,Rubik's Cube,toys,puzzles,Zenith,84.69,948,3.62,yes,2023-12-28,no,8.4,1.89
P1317,Formal Shoes,fashion,men_shirts,Natura,30.14,711,3.6,yes,2025-02-28,no,14.38,0.43
P1318,Board Game,toys,educational,Acme,49.65,309,2.44,yes,2024-09-24,no,2.83,1.18
P1319,Action Figure,toys,action_figures,GlowCo,16.09,75,2.26,yes,2023-08-13,no,5.94,1.22
P1320,Hair Oil,beauty,haircare,Optima,54.14,365,2.99,yes,2024-05-03,no,10.9,0.54
P1321,Hair Oil,beauty,haircare,PixelHaus,19.48,991,2.7,yes,2023-01-11,yes,17.15,0.78
P1322,Bluetooth Earbuds,electronics,camera,Acme,162.86,456,3.57,yes,2023-03-24,yes,16.89,2.51
P1323,Action Figure,toys,action_figures,Zenith,46.39,959,2.32,yes,2024-07-10,yes,6.66,1.16
P1324,Shampoo Pack,beauty,makeup,Acme,53.52,136,4.11,yes,2023-07-05,yes,22.85,0.52
P1325,Wall Art Frame,home_decor,lighting,PlaySphere,171.9,794,4.94,yes,2023-04-21,yes,12.87,4.65
P1326,Decorative Vase,home_decor,furniture,UrbanEdge,122.5,862,2.41,yes,2023-04-09,no,0.01,3.57
P1327,Hair Oil,beauty,skincare,Optima,57.61,643,2.52,yes,2024-10-04,yes,12.14,0.22
P1328,Lego Set,toys,puzzles,Natura,44.19,888,2.78,yes,2023-09-08,no,12.67,1.0
P1329,Wall Art Frame,home_decor,storage,UrbanEdge,190.48,477,4.73,yes,2023-10-30,yes,9.07,1.04
P1330,Smartphone,electronics,camera,PixelHaus,290.61,250,2.11,yes,2024-01-22,yes,6.19,1.7
P1331,Bluetooth Earbuds,electronics,audio,Zenith,156.68,156,4.92,no,2023-10-06,yes,7.85,2.63
P1332,Portable Speaker,electronics,laptop,Nova,497.23,665,1.8,yes,2023-10-09,yes,22.82,0.92
P1333,Action Figure,toys,action_figures,Natura,59.21,885,3.33,yes,2023-02-15,no,2.29,1.29
P1334,Wooden Bookshelf,home_decor,storage,GlowCo,64.17,900,1.7,yes,2025-02-07,yes,11.08,1.16
P1335,Energy Drink,groceries,snacks,UrbanEdge,44.84,95,4.35,yes,2023-07-05,no,14.32,2.99
P1336,LED Desk Lamp,home_decor,furniture,Verve,190.61,335,3.73,yes,2024-05-30,yes,10.19,4.66
P1337,Portable Speaker,electronics,audio,Natura,169.58,161,2.12,yes,2023-05-19,yes,2.34,1.41
P1338,Action Figure,toys,action_figures,Nova,43.83,332,1.45,yes,2023-05-27,yes,10.27,0.8
P1339,Noise Cancelling Headphones,electronics,camera,PlaySphere,194.18,227,2.88,yes,2024-09-18,yes,11.84,2.13
P1340,Bluetooth Earbuds,electronics,camera,Optima,300.86,81,4.04,yes,2024-08-24,no,11.71,0.55
P1341,Cotton Shirt,fashion,men_shirts,PlaySphere,105.77,571,3.22,yes,2024-09-25,no,8.7,0.96
P1342,LED Desk Lamp,home_decor,furniture,Verve,103.47,819,3.15,yes,2024-08-15,yes,6.99,1.26
P1343,Shampoo Pack,beauty,haircare,Optima,16.0,910,2.5,no,2025-01-06,no,14.01,0.75
P1344,Casual Dress,fashion,women_dresses,GlowCo,33.37,289,1.78,yes,2023-08-04,no,13.25,0.25
P1345,Formal Shoes,fashion,footwear,GlowCo,134.42,390,2.37,yes,2024-06-17,no,2.31,0.8
P1346,Action Figure,toys,action_figures,GlowCo,10.36,594,3.69,yes,2023-10-12,no,17.81,0.83
P1347,Wall Art Frame,home_decor,lighting,GlowCo,74.64,192,1.82,yes,2023-05-29,yes,23.78,1.39
P1348,Decorative Vase,home_decor,storage,Nova,126.59,130,2.05,yes,2024-04-28,no,15.0,4.89
P1349,Leather Jacket,fashion,footwear,UrbanEdge,50.04,514,2.81,no,2024-07-05,no,2.55,0.97
P1350,Stuffed Animal,toys,puzzles,PlaySphere,41.55,773,2.72,yes,2023-10-03,no,18.15,1.63
P1351,Stuffed Animal,toys,action_figures,PlaySphere,94.46,574,1.5,yes,2024-10-30,yes,24.72,0.25
P1352,Instant Coffee,groceries,snacks,PlaySphere,41.18,669,2.14,yes,2024-01-27,no,18.75,2.3
P1353,Storage Rack,home_decor,storage,Acme,57.31,834,3.04,yes,2025-02-15,no,18.07,4.36
P1354,Wall Art Frame,home_decor,lighting,Zenith,153.19,416,3.98,yes,2023-05-21,no,14.47,1.86
P1355,Noise Cancelling Headphones,electronics,mobile,GlowCo,428.62,215,3.17,yes,2023-10-14,no,23.56,1.18
P1356,Lego Set,toys,action_figures,PlaySphere,45.37,332,3.98,yes,2024-02-09,no,17.21,0.89
P1357,Lego Set,toys,puzzles,PixelHaus,20.52,904,4.31,yes,2024-09-15,yes,3.11,1.97
P1358,LED Desk Lamp,home_decor,furniture,Zenith,54.31,679,1.54,yes,2023-11-08,yes,23.57,4.15
P1359,Stuffed Animal,toys,puzzles,GlowCo,64.76,249,1.6,yes,2023-12-19,yes,16.09,1.18
P1360,Noise Cancelling Headphones,electronics,camera,Natura,414.69,164,1.81,yes,2024-06-29,no,24.19,2.71
P1361,Lipstick Set,beauty,skincare,PlaySphere,61.42,204,4.07,yes,2023-05-07,no,8.7,0.86
P1362,Formal Shoes,fashion,men_shirts,Optima,77.06,35,3.93,yes,2024-06-11,no,0.65,0.41
P1363,Bluetooth Earbuds,electronics,laptop,Verve,320.24,123,1.11,yes,2024-12-02,no,4.44,0.88
P1364,Portable Speaker,electronics,mobile,PixelHaus,423.27,484,3.39,no,2023-05-27,yes,6.37,2.48
P1365,Wall Art Frame,home_decor,lighting,Acme,117.59,926,3.5,yes,2024-02-05,yes,17.22,1.55
P1366,Action Figure,toys,puzzles,Verve,39.88,248,3.82,yes,2023-02-01,no,19.92,0.21
P1367,Cotton Shirt,fashion,men_shirts,Acme,104.7,334,3.21,yes,2023-04-05,no,19.22,0.48
P1368,Denim Jeans,fashion,women_dresses,GlowCo,130.28,118,1.97,yes,2023-04-02,no,6.11,0.49
P1369,Instant Coffee,groceries,snacks,GlowCo,49.58,878,2.43,yes,2024-08-02,no,19.98,0.59
P1370,Hair Oil,beauty,skincare,UrbanEdge,55.45,784,2.88,yes,2023-05-29,no,10.31,0.15
P1371,Hair Oil,beauty,haircare,GlowCo,70.12,944,1.26,yes,2023-09-19,no,5.99,0.61
P1372,Casual Dress,fashion,footwear,Nova,48.09,282,3.7,yes,2023-01-03,no,17.61,0.82
P1373,Formal Shoes,fashion,men_shirts,GlowCo,143.46,638,4.48,yes,2023-01-20,yes,20.97,0.56
P1374,Cotton Shirt,fashion,men_shirts,Acme,58.95,981,2.68,yes,2023-01-08,yes,20.6,0.82
P1375,Denim Jeans,fashion,footwear,Acme,144.0,606,4.4,yes,2024-05-22,no,8.2,0.44
P1376,Portable Speaker,electronics,mobile,UrbanEdge,206.69,930,1.81,yes,2024-08-20,yes,1.87,2.81
P1377,Casual Dress,fashion,footwear,Verve,104.74,960,2.99,yes,2024-04-20,no,21.33,0.66
P1378,Smartphone,electronics,mobile,GlowCo,433.1,195,1.35,yes,2023-02-12,yes,12.66,2.24
P1379,Energy Drink,groceries,household,Nova,5.1,864,4.31,yes,2024-08-05,no,10.93,0.89
P1380,Casual Dress,fashion,footwear,GlowCo,128.29,879,1.46,yes,2023-04-18,no,11.82,0.84
P1381,Denim Jeans,fashion,footwear,PixelHaus,41.43,43,3.58,yes,2023-09-25,no,13.83,0.76
P1382,Cotton Shirt,fashion,footwear,Zenith,51.89,708,3.49,no,2023-10-20,yes,14.73,0.78
P1383,Board Game,toys,puzzles,UrbanEdge,76.21,15,2.27,yes,2025-02-12,no,16.43,1.35
P1384,Leather Jacket,fashion,men_shirts,Zenith,142.76,45,1.01,yes,2023-10-10,no,4.64,0.85
P1385,Moisturizer,beauty,skincare,Acme,13.02,285,4.1,no,2023-12-06,yes,22.75,0.75
P1386,Wireless Mouse,electronics,mobile,Verve,369.09,657,2.76,yes,2024-06-20,yes,15.33,2.03
P1387,Wooden Bookshelf,home_decor,storage,Optima,30.5,465,4.58,yes,2023-05-31,yes,10.68,2.05
P1388,Smartphone,electronics,mobile,Nova,465.52,291,3.89,no,2023-08-29,yes,21.6,0.55
P1389,Stuffed Animal,toys,action_figures,Optima,82.35,763,1.7,yes,2024-08-04,yes,20.98,1.03
P1390,Cotton Shirt,fashion,women_dresses,Optima,123.85,798,3.4,yes,2023-10-02,no,12.13,0.25
P1391,Lego Set,toys,action_figures,Natura,75.4,449,2.02,no,2024-11-15,no,0.85,1.89
P1392,LED Desk Lamp,home_decor,furniture,Natura,44.3,341,4.79,yes,2023-10-03,no,21.62,4.4
P1393,Rubik's Cube,toys,action_figures,Natura,79.54,924,1.95,yes,2025-02-27,no,17.16,0.41
P1394,Wireless Mouse,electronics,camera,Verve,485.17,53,3.17,yes,2023-08-20,no,17.57,0.87
P1395,LED Desk Lamp,home_decor,storage,Zenith,110.43,983,4.17,yes,2024-11-22,no,4.62,2.72
P1396,Stuffed Animal,toys,action_figures,UrbanEdge,39.99,192,1.26,yes,2023-02-17,yes,4.67,1.41
P1397,Rubik's Cube,toys,action_figures,GlowCo,66.52,322,3.76,yes,2023-03-02,no,18.89,0.61
P1398,Portable Speaker,electronics,audio,PlaySphere,117.82,678,3.49,yes,2023-07-06,no,7.07,0.62
P1399,Shampoo Pack,beauty,makeup,Acme,65.17,561,4.63,yes,2024-04-29,yes,9.3,0.88
P1400,Board Game,toys,action_figures,Nova,10.03,866,2.31,yes,2024-03-28,no,9.21,0.95
P1401,Moisturizer,beauty,skincare,Acme,27.52,95,3.76,yes,2023-06-17,yes,19.82,0.99
P1402,Rubik's Cube,toys,action_figures,PixelHaus,43.07,909,1.75,no,2024-06-26,no,15.31,0.61
P1403,Casual Dress,fashion,footwear,Verve,92.59,809,3.99,yes,2023-10-08,yes,9.03,0.42
P1404,Instant Coffee,groceries,household,UrbanEdge,18.73,151,4.91,yes,2023-09-18,yes,10.85,1.95
P1405,Storage Rack,home_decor,storage,Natura,88.56,944,3.81,yes,2023-06-04,no,3.22,4.25
P1406,Organic Oats,groceries,snacks,Optima,14.65,540,1.53,yes,2025-02-12,no,22.63,0.55
P1407,Decorative Vase,home_decor,storage,Optima,93.78,767,4.86,yes,2023-10-28,no,20.89,3.87
P1408,Fruit Juice,groceries,beverages,PixelHaus,20.53,520,3.5,yes,2023-08-30,no,0.71,2.28
P1409,Rubik's Cube,toys,puzzles,Optima,62.75,160,2.24,yes,2024-06-08,no,4.33,1.38
P1410,Casual Dress,fashion,footwear,Zenith,32.69,260,4.8,yes,2024-12-07,yes,15.97,0.82
P1411,Moisturizer,beauty,skincare,Optima,30.1,553,2.87,yes,2024-08-27,yes,15.47,0.98
P1412,Wireless Mouse,electronics,audio,Zenith,204.45,576,2.08,yes,2024-11-26,yes,24.05,1.04
P1413,Casual Dress,fashion,men_shirts,UrbanEdge,108.74,375,4.78,yes,2023-06-30,yes,7.42,0.58
P1414,Lipstick Set,beauty,haircare,PixelHaus,36.37,620,2.71,yes,2023-04-12,yes,3.96,0.75
P1415,Wall Art Frame,home_decor,lighting,Acme,96.19,774,2.74,yes,2024-06-09,yes,10.9,4.96
P1416,Organic Oats,groceries,beverages,PixelHaus,6.35,236,3.85,yes,2024-01-18,yes,11.2,1.81
P1417,Stuffed Animal,toys,puzzles,Zenith,74.8,420,4.58,yes,2024-07-22,no,19.75,0.59
P1418,Decorative Vase,home_decor,storage,Nova,60.9,834,4.3,yes,2023-08-08,yes,18.85,3.69
P1419,Casual Dress,fashion,men_shirts,UrbanEdge,76.64,450,3.36,yes,2024-01-07,no,1.98,0.29
P1420,Organic Oats,groceries,snacks,GlowCo,7.1,783,3.25,yes,2025-02-01,no,9.06,2.41
P1421,Board Game,toys,action_figures,Zenith,23.65,988,3.22,yes,2023-10-20,yes,9.44,1.85
P1422,Smartphone,electronics,camera,Acme,237.79,702,3.77,yes,2024-09-20,yes,24.95,1.57
P1423,Moisturizer,beauty,makeup,Natura,51.14,281,1.96,yes,2023-03-06,no,6.66,0.78
P1424,Formal Shoes,fashion,footwear,Zenith,144.19,951,4.21,yes,2024-07-10,no,9.01,0.9
P1425,Smartphone,electronics,audio,PlaySphere,291.7,523,2.35,yes,2023-04-02,no,0.69,1.27
P1426,Wooden Bookshelf,home_decor,lighting,Natura,143.74,815,2.8,yes,2025-01-16,no,4.5,4.3
P1427,Wooden Bookshelf,home_decor,furniture,Zenith,131.78,185,3.99,yes,2023-06-03,no,24.89,1.96
P1428,Organic Oats,groceries,household,Natura,11.26,709,1.04,yes,2023-05-22,no,22.74,1.18
P1429,Leather Jacket,fashion,footwear,Acme,30.74,618,3.28,yes,2024-05-12,yes,19.98,0.45
P1430,Rubik's Cube,toys,action_figures,PlaySphere,52.45,867,1.58,yes,2024-09-04,no,0.4,1.0
P1431,Organic Oats,groceries,beverages,Optima,29.56,108,3.9,yes,2023-11-09,no,24.56,1.57
P1432,Storage Rack,home_decor,furniture,Zenith,176.53,670,1.73,yes,2024-03-14,yes,6.62,1.62
P1433,LED Desk Lamp,home_decor,furniture,Zenith,92.83,188,2.86,yes,2024-05-12,yes,11.21,1.69
P1434,Organic Oats,groceries,beverages,Optima,38.57,614,2.44,yes,2023-07-30,no,15.86,1.28
P1435,Board Game,toys,action_figures,Optima,56.32,510,2.36,yes,2024-11-26,no,13.62,1.69
P1436,Leather Jacket,fashion,footwear,Nova,131.95,272,3.27,yes,2023-11-04,yes,1.46,0.36
P1437,Cotton Shirt,fashion,women_dresses,UrbanEdge,116.22,370,1.65,yes,2024-03-31,yes,10.5,0.63
P1438,Board Game,toys,educational,GlowCo,70.74,432,1.06,yes,2024-10-24,no,1.15,1.28
P1439,Formal Shoes,fashion,men_shirts,UrbanEdge,73.99,124,2.36,yes,2024-09-19,no,18.76,0.45
P1440,Stuffed Animal,toys,educational,Nova,16.11,280,3.77,yes,2024-11-06,yes,8.86,0.71
P1441,Stuffed Animal,toys,puzzles,GlowCo,91.77,547,1.82,yes,2024-08-08,no,23.57,0.52
P1442,Moisturizer,beauty,makeup,Nova,63.98,660,1.04,yes,2023-05-08,yes,22.63,0.88
P1443,Formal Shoes,fashion,women_dresses,Zenith,140.79,780,4.24,yes,2025-01-31,yes,4.39,0.68
P1444,LED Desk Lamp,home_decor,furniture,PlaySphere,50.73,37,4.5,yes,2023-02-07,yes,23.44,4.49
P1445,Noise Cancelling Headphones,electronics,laptop,Natura,147.01,170,2.44,yes,2025-02-02,no,22.52,1.58
P1446,Moisturizer,beauty,makeup,PlaySphere,56.33,471,2.02,yes,2023-06-12,no,14.67,0.29
P1447,Portable Speaker,electronics,audio,Nova,434.81,808,2.7,yes,2024-05-14,no,8.79,0.73
P1448,LED Desk Lamp,home_decor,lighting,Zenith,55.05,14,3.4,no,2025-01-22,no,18.42,1.87
P1449,Fruit Juice,groceries,household,PixelHaus,48.37,16,4.94,yes,2024-08-26,yes,20.9,1.52
P1450,Hair Oil,beauty,skincare,GlowCo,73.65,807,4.45,yes,2024-04-20,yes,8.15,0.93
P1451,Wooden Bookshelf,home_decor,furniture,GlowCo,170.52,473,4.01,no,2025-02-12,yes,14.28,4.29
P1452,Portable Speaker,electronics,audio,Natura,297.85,564,3.28,yes,2024-03-22,no,7.63,1.76
P1453,Face Serum,beauty,makeup,Acme,67.56,788,1.67,yes,2023-03-27,yes,2.84,0.52
P1454,Noise Cancelling Headphones,electronics,audio,Verve,468.55,185,2.72,yes,2023-03-06,yes,23.6,2.36
P1455,Board Game,toys,educational,Acme,33.33,682,3.31,yes,2023-10-20,yes,8.05,0.36
P1456,Denim Jeans,fashion,footwear,PixelHaus,146.18,166,4.07,yes,2023-05-19,yes,5.79,0.62
P1457,Rubik's Cube,toys,puzzles,Acme,47.6,405,3.59,yes,2024-04-22,no,6.93,0.78
P1458,Wooden Bookshelf,home_decor,storage,Nova,188.08,879,3.17,yes,2023-09-27,yes,17.24,3.01
P1459,Bluetooth Earbuds,electronics,laptop,GlowCo,330.85,988,1.07,yes,2024-05-02,no,1.2,2.84
P1460,Face Serum,beauty,haircare,Optima,17.25,946,1.74,yes,2023-03-16,yes,18.38,0.94
P1461,Wall Art Frame,home_decor,storage,UrbanEdge,129.21,978,1.56,yes,2023-02-13,yes,7.97,2.06
P1462,Board Game,toys,puzzles,Nova,26.23,954,4.03,yes,2023-03-15,yes,0.04,0.97
P1463,Wooden Bookshelf,home_decor,storage,Zenith,135.15,533,3.76,yes,2024-04-15,no,17.62,2.86
P1464,Fruit Juice,groceries,household,PixelHaus,32.14,499,1.29,yes,2024-08-20,yes,8.25,2.67
P1465,Stuffed Animal,toys,educational,Zenith,88.49,746,4.62,yes,2023-10-20,yes,4.83,1.6
P1466,Bluetooth Earbuds,electronics,mobile,GlowCo,447.44,12,4.18,yes,2024-06-30,yes,4.89,1.83
P1467,Cotton Shirt,fashion,footwear,PixelHaus,129.9,26,2.35,yes,2023-03-23,no,9.82,0.77
P1468,Bluetooth Earbuds,electronics,audio,UrbanEdge,291.32,845,3.32,yes,2024-11-04,no,6.03,1.34
P1469,Instant Coffee,groceries,beverages,UrbanEdge,27.23,898,1.15,yes,2025-02-28,yes,21.72,1.02
P1470,Stuffed Animal,toys,puzzles,GlowCo,30.86,801,1.82,yes,2023-10-04,yes,2.46,0.84
P1471,LED Desk Lamp,home_decor,storage,Nova,97.4,530,2.43,yes,2024-07-30,yes,13.17,4.85
P1472,Smartphone,electronics,audio,Optima,475.32,413,4.94,yes,2023-03-11,yes,4.12,2.17
P1473,Lego Set,toys,action_figures,Nova,20.53,60,3.1,yes,2023-11-30,yes,17.52,1.36
P1474,Shampoo Pack,beauty,skincare,Natura,51.43,788,2.13,yes,2023-06-03,no,10.25,0.11
P1475,Denim Jeans,fashion,footwear,Zenith,55.64,121,4.89,yes,2024-12-11,no,18.1,0.36
P1476,Decorative Vase,home_decor,storage,Verve,176.37,730,4.74,yes,2023-10-16,yes,17.05,4.53
P1477,Shampoo Pack,beauty,haircare,Optima,68.21,466,1.25,yes,2023-12-11,yes,4.06,0.18
P1478,Energy Drink,groceries,snacks,Natura,13.98,393,3.0,yes,2024-05-12,no,16.21,1.83
P1479,Storage Rack,home_decor,storage,Optima,104.6,865,3.78,yes,2023-04-24,no,16.73,2.29
P1480,Rubik's Cube,toys,puzzles,Zenith,92.81,565,1.63,yes,2023-11-13,no,24.8,0.42
P1481,Casual Dress,fashion,footwear,Verve,131.76,462,4.48,no,2025-02-08,no,10.6,0.8
P1482,Wall Art Frame,home_decor,furniture,PixelHaus,63.86,950,4.0,yes,2023-11-18,yes,6.8,3.28
P1483,Noise Cancelling Headphones,electronics,laptop,Nova,315.43,60,4.67,yes,2023-01-25,yes,20.26,1.26
P1484,Rubik's Cube,toys,puzzles,Zenith,91.65,597,3.47,no,2023-03-12,yes,9.61,1.47
P1485,Board Game,toys,puzzles,UrbanEdge,90.72,992,1.04,yes,2024-08-15,no,1.09,1.89
P1486,Instant Coffee,groceries,snacks,Optima,46.99,925,3.36,yes,2023-11-17,yes,1.13,2.51
P1487,Noise Cancelling Headphones,electronics,mobile,UrbanEdge,137.45,846,2.06,yes,2023-06-30,no,11.24,0.65
P1488,Cotton Shirt,fashion,footwear,Natura,98.88,716,1.08,yes,2024-03-27,yes,14.53,0.84
P1489,Storage Rack,home_decor,storage,Verve,52.44,780,1.11,yes,2023-01-08,yes,4.09,2.28
P1490,Energy Drink,groceries,household,Verve,23.83,941,4.22,yes,2024-01-09,no,15.55,2.71
P1491,Wall Art Frame,home_decor,storage,UrbanEdge,194.73,843,3.26,no,2024-05-28,no,3.39,3.83
P1492,Storage Rack,home_decor,furniture,Zenith,127.87,133,3.03,yes,2023-10-03,no,8.88,2.16
P1493,Portable Speaker,electronics,camera,Verve,122.96,412,2.02,yes,2024-08-28,yes,16.59,2.41
P1494,Action Figure,toys,action_figures,GlowCo,58.61,618,3.95,yes,2023-12-21,yes,6.81,1.22
P1495,Energy Drink,groceries,snacks,UrbanEdge,26.26,502,1.05,yes,2024-07-31,yes,11.79,2.75
P1496,Wall Art Frame,home_decor,furniture,GlowCo,174.11,247,4.72,yes,2024-09-16,yes,4.61,4.39
P1497,Hair Oil,beauty,haircare,Zenith,19.97,265,1.49,yes,2023-03-11,yes,4.94,0.25
P1498,Fruit Juice,groceries,snacks,Natura,15.86,109,2.6,yes,2023-08-31,yes,18.3,1.12
P1499,Shampoo Pack,beauty,skincare,Nova,44.47,365,1.31,yes,2023-08-09,yes,22.59,0.27
P1500,Rubik's Cube,toys,puzzles,Zenith,43.5,779,2.61,yes,2024-01-18,yes,11.16,1.18
P1501,Instant Coffee,groceries,beverages,UrbanEdge,3.21,634,2.61,yes,2024-02-06,no,8.64,2.53
P1502,Bluetooth Earbuds,electronics,audio,Optima,454.59,131,1.45,yes,2024-10-18,yes,1.41,1.12
P1503,Storage Rack,home_decor,lighting,Optima,190.08,740,2.94,no,2024-04-26,yes,3.64,3.93
P1504,Face Serum,beauty,haircare,PixelHaus,22.28,828,1.69,yes,2023-11-15,yes,6.83,0.47
P1505,Lipstick Set,beauty,haircare,Verve,43.86,81,4.66,yes,2024-02-28,no,4.08,0.48
P1506,Smartphone,electronics,camera,Verve,379.64,42,3.2,yes,2024-09-27,no,17.47,2.35
P1507,Board Game,toys,puzzles,PlaySphere,61.15,421,4.73,yes,2023-01-16,yes,2.89,0.5
P1508,Bluetooth Earbuds,electronics,camera,Acme,351.8,963,2.49,no,2024-10-08,yes,22.87,2.25
P1509,LED Desk Lamp,home_decor,storage,Acme,48.71,328,3.9,yes,2024-10-04,no,5.88,2.67
P1510,Fruit Juice,groceries,household,PlaySphere,12.88,930,1.05,no,2024-08-08,no,16.6,2.03
P1511,Bluetooth Earbuds,electronics,mobile,Nova,330.86,856,4.74,yes,2024-03-07,yes,11.7,2.03
P1512,Decorative Vase,home_decor,furniture,UrbanEdge,86.19,516,3.99,yes,2023-10-22,no,0.3,1.76
P1513,LED Desk Lamp,home_decor,storage,PlaySphere,74.21,912,2.9,yes,2025-01-28,no,5.17,1.52
P1514,LED Desk Lamp,home_decor,furniture,UrbanEdge,125.45,788,2.99,yes,2024-01-29,no,8.48,4.01
P1515,Fruit Juice,groceries,household,Optima,28.88,375,4.89,yes,2023-01-17,no,17.75,1.01
P1516,Stuffed Animal,toys,action_figures,UrbanEdge,62.37,931,4.29,yes,2024-09-06,no,21.25,1.96
P1517,Decorative Vase,home_decor,storage,Verve,90.11,987,2.91,yes,2023-03-06,no,21.46,4.9
P1518,Leather Jacket,fashion,men_shirts,UrbanEdge,94.83,666,3.65,yes,2024-11-28,no,24.6,0.44
P1519,Cotton Shirt,fashion,men_shirts,PixelHaus,68.3,34,4.79,yes,2023-07-20,no,17.77,0.31
P1520,Denim Jeans,fashion,women_dresses,GlowCo,69.12,936,1.84,yes,2023-12-13,no,7.22,0.59
P1521,Noise Cancelling Headphones,electronics,camera,GlowCo,221.03,223,3.79,yes,2023-04-20,no,22.88,1.8
P1522,Casual Dress,fashion,footwear,Zenith,129.63,606,2.48,yes,2023-06-27,no,21.33,0.66
P1523,Organic Oats,groceries,beverages,Verve,40.24,868,3.06,yes,2023-06-29,no,4.89,1.34
P1524,Wall Art Frame,home_decor,storage,GlowCo,106.44,907,1.67,yes,2023-09-04,yes,1.25,2.61
P1525,Organic Oats,groceries,snacks,Acme,21.66,440,2.91,yes,2025-01-28,no,14.08,1.72
P1526,Organic Oats,groceries,household,PixelHaus,36.56,534,4.2,no,2023-04-14,no,18.67,2.49
P1527,Shampoo Pack,beauty,haircare,PixelHaus,61.78,161,2.98,no,2023-10-12,yes,18.16,0.85
P1528,Smartphone,electronics,laptop,UrbanEdge,102.68,542,4.7,yes,2024-05-23,no,1.2,2.06
P1529,Portable Speaker,electronics,audio,PixelHaus,434.17,768,4.78,yes,2023-09-17,no,3.61,0.82
P1530,LED Desk Lamp,home_decor,furniture,UrbanEdge,78.12,645,2.12,yes,2024-02-03,no,11.93,2.43
P1531,Lipstick Set,beauty,haircare,Zenith,29.21,684,1.98,yes,2024-09-10,yes,21.01,0.92
P1532,Noise Cancelling Headphones,electronics,camera,Verve,451.25,133,2.26,yes,2024-03-18,no,8.07,0.85
P1533,Casual Dress,fashion,women_dresses,UrbanEdge,137.23,895,4.95,yes,2024-03-20,no,21.69,0.46
P1534,Dish Soap,groceries,household,UrbanEdge,4.43,92,3.89,yes,2024-03-18,yes,8.9,1.89
P1535,Casual Dress,fashion,men_shirts,Acme,31.25,198,4.24,yes,2024-02-11,yes,3.81,0.76
P1536,Formal Shoes,fashion,footwear,Optima,82.51,378,2.72,yes,2023-06-18,yes,24.86,0.31
P1537,Wall Art Frame,home_decor,lighting,Acme,42.76,549,4.34,yes,2023-07-05,no,1.68,3.67
P1538,Noise Cancelling Headphones,electronics,audio,PlaySphere,496.38,93,4.97,no,2024-09-05,no,24.81,1.18
P1539,Decorative Vase,home_decor,furniture,PixelHaus,194.71,817,3.06,yes,2023-11-10,no,17.97,1.12
P1540,Stuffed Animal,toys,educational,Natura,72.05,955,3.69,yes,2023-05-15,yes,24.8,0.28
P1541,Stuffed Animal,toys,puzzles,Acme,15.38,850,3.34,yes,2025-02-12,yes,6.5,0.84
P1542,Noise Cancelling Headphones,electronics,mobile,Nova,449.52,734,4.68,yes,2023-11-08,no,13.83,2.61
P1543,Formal Shoes,fashion,men_shirts,Optima,106.48,139,4.6,yes,2023-07-17,no,18.31,0.35
P1544,Formal Shoes,fashion,women_dresses,Zenith,133.55,341,1.1,yes,2023-02-25,no,4.7,0.31
P1545,Action Figure,toys,educational,Acme,30.43,986,3.26,yes,2024-12-29,yes,0.09,1.31
P1546,Stuffed Animal,toys,educational,Natura,26.36,511,4.24,no,2025-01-13,yes,1.36,0.51
P1547,Lego Set,toys,action_figures,Acme,30.56,501,1.99,yes,2023-06-19,yes,2.77,0.39
P1548,Instant Coffee,groceries,snacks,Acme,15.33,933,3.86,yes,2023-06-23,yes,9.58,2.99
P1549,Wooden Bookshelf,home_decor,lighting,PixelHaus,128.04,845,1.86,yes,2023-12-22,yes,12.13,3.73
P1550,Smartphone,electronics,laptop,UrbanEdge,154.27,659,1.23,yes,2023-03-01,no,21.65,0.72
P1551,Wooden Bookshelf,home_decor,furniture,UrbanEdge,183.4,213,2.28,yes,2024-08-25,no,5.47,1.72
P1552,Bluetooth Earbuds,electronics,audio,Natura,467.99,794,4.4,yes,2023-10-14,no,15.76,1.15
P1553,Fruit Juice,groceries,snacks,Nova,16.48,154,1.66,no,2023-05-10,no,1.35,1.43
P1554,Action Figure,toys,educational,Natura,88.42,538,3.47,yes,2023-04-15,no,12.48,1.65
P1555,Formal Shoes,fashion,men_shirts,Optima,122.95,198,3.87,yes,2024-01-11,no,7.77,0.82
P1556,Denim Jeans,fashion,footwear,GlowCo,98.17,595,3.25,yes,2024-11-08,yes,14.06,0.71
P1557,Dish Soap,groceries,household,PixelHaus,9.23,977,1.66,yes,2024-07-30,no,12.8,1.77
P1558,Wireless Mouse,electronics,audio,Optima,429.42,449,2.97,yes,2024-11-11,yes,10.65,1.59
P1559,Casual Dress,fashion,women_dresses,PlaySphere,58.51,784,4.29,yes,2023-08-10,no,11.46,0.55
P1560,Leather Jacket,fashion,women_dresses,Nova,91.55,799,4.12,yes,2024-11-17,no,11.61,0.33
P1561,Fruit Juice,groceries,snacks,Optima,2.03,20,1.7,yes,2023-03-05,no,24.59,1.57
P1562,Wooden Bookshelf,home_decor,lighting,Verve,156.76,798,2.09,yes,2025-02-21,no,20.65,3.14
P1563,Face Serum,beauty,makeup,Zenith,67.71,364,1.18,yes,2023-10-21,yes,22.64,0.2
P1564,Storage Rack,home_decor,lighting,Nova,117.06,452,2.92,yes,2023-11-23,yes,22.41,4.96
P1565,Action Figure,toys,action_figures,Verve,42.05,312,1.03,yes,2024-05-08,no,13.26,1.89
P1566,Noise Cancelling Headphones,electronics,mobile,UrbanEdge,138.11,724,3.5,yes,2023-03-09,no,1.09,1.18
P1567,Hair Oil,beauty,haircare,PixelHaus,17.46,900,4.58,yes,2023-01-23,no,12.86,0.16
P1568,Formal Shoes,fashion,women_dresses,Verve,84.9,556,3.26,yes,2023-08-26,no,20.86,0.34
P1569,LED Desk Lamp,home_decor,lighting,Verve,115.78,295,4.89,yes,2024-06-14,no,12.26,4.38
P1570,Wireless Mouse,electronics,laptop,Nova,126.58,85,2.54,yes,2024-01-25,no,2.95,1.52
P1571,Fruit Juice,groceries,beverages,PixelHaus,29.42,978,2.51,yes,2023-09-30,no,7.2,2.91
P1572,Action Figure,toys,puzzles,Nova,39.52,226,1.09,yes,2024-06-27,yes,16.55,1.88
P1573,Rubik's Cube,toys,educational,Nova,75.37,81,1.34,yes,2024-12-18,yes,12.9,0.99
P1574,Face Serum,beauty,skincare,Acme,78.0,172,3.65,yes,2023-11-08,yes,21.74,0.33
P1575,Lego Set,toys,action_figures,Acme,47.13,481,1.43,yes,2023-03-29,no,18.33,1.96
P1576,Storage Rack,home_decor,lighting,Acme,34.78,770,3.49,yes,2024-08-30,yes,18.38,4.94
P1577,Storage Rack,home_decor,furniture,Natura,122.92,36,4.49,yes,2024-08-13,no,8.95,3.57
P1578,Shampoo Pack,beauty,skincare,Nova,51.4,692,3.75,yes,2023-08-26,no,24.76,0.59
P1579,Leather Jacket,fashion,footwear,Optima,65.93,32,1.68,yes,2024-03-29,yes,19.62,0.53
P1580,Action Figure,toys,action_figures,UrbanEdge,79.94,408,2.29,no,2025-02-24,yes,19.12,1.33
P1581,Wooden Bookshelf,home_decor,lighting,Natura,75.86,257,1.24,yes,2023-04-09,no,12.58,3.71
P1582,Formal Shoes,fashion,women_dresses,Acme,97.85,118,4.16,yes,2023-12-16,no,17.27,0.25
P1583,Leather Jacket,fashion,women_dresses,Zenith,120.44,98,1.31,yes,2023-10-13,no,18.17,0.41
P1584,Dish Soap,groceries,snacks,PlaySphere,37.52,427,1.25,yes,2023-10-29,no,22.88,2.48
P1585,Wall Art Frame,home_decor,furniture,Verve,66.81,60,4.1,yes,2024-06-05,yes,9.13,3.55
P1586,Wooden Bookshelf,home_decor,lighting,PixelHaus,196.07,399,3.53,yes,2024-11-12,no,12.31,2.91
P1587,Denim Jeans,fashion,men_shirts,Acme,120.56,443,2.43,yes,2023-02-09,yes,19.16,0.38
P1588,Cotton Shirt,fashion,footwear,Zenith,137.14,62,3.31,yes,2024-11-15,no,21.6,0.58
P1589,Dish Soap,groceries,household,PlaySphere,40.94,431,1.91,yes,2023-04-18,no,21.23,0.97
P1590,LED Desk Lamp,home_decor,storage,Natura,107.77,269,3.8,yes,2024-01-17,no,7.77,4.93
P1591,Shampoo Pack,beauty,skincare,Optima,53.79,508,2.73,yes,2024-03-23,yes,12.81,0.23
P1592,Rubik's Cube,toys,action_figures,Natura,66.54,803,3.17,yes,2023-09-08,no,17.2,0.41
P1593,Board Game,toys,puzzles,PlaySphere,94.84,389,3.85,yes,2023-08-11,no,15.69,1.27
P1594,Face Serum,beauty,haircare,Verve,65.81,57,2.37,yes,2024-05-08,yes,19.38,0.49
P1595,Wireless Mouse,electronics,camera,Acme,478.43,425,1.87,yes,2023-03-30,no,15.45,1.53
P1596,Dish Soap,groceries,household,GlowCo,3.6,841,1.34,yes,2023-06-23,yes,2.73,1.38
P1597,Stuffed Animal,toys,educational,GlowCo,46.33,490,3.22,yes,2023-04-12,no,10.74,1.24
P1598,Board Game,toys,action_figures,PixelHaus,10.01,308,2.21,yes,2024-09-28,no,5.38,0.87
P1599,Smartphone,electronics,mobile,Zenith,442.76,193,4.02,yes,2023-01-28,no,21.65,1.61
P1600,Casual Dress,fashion,men_shirts,Natura,49.23,882,2.2,no,2023-09-21,no,0.48,0.85
P1601,Lipstick Set,beauty,skincare,Verve,35.84,173,3.85,no,2024-05-14,no,12.49,0.36
P1602,Fruit Juice,groceries,snacks,Verve,5.41,271,1.91,yes,2024-07-29,yes,3.7,1.51
P1603,Noise Cancelling Headphones,electronics,camera,Verve,496.04,274,1.04,yes,2023-03-01,no,11.18,1.44
P1604,Moisturizer,beauty,makeup,Nova,27.67,438,3.91,yes,2023-08-11,yes,23.72,0.2
P1605,Leather Jacket,fashion,men_shirts,Natura,72.3,810,4.8,yes,2023-06-11,yes,19.69,0.24
P1606,Wall Art Frame,home_decor,storage,PlaySphere,124.56,221,2.73,yes,2023-12-29,yes,19.33,4.7
P1607,Bluetooth Earbuds,electronics,camera,GlowCo,182.69,700,4.38,yes,2023-01-10,no,23.78,0.87
P1608,Dish Soap,groceries,beverages,Nova,24.1,140,2.5,yes,2024-08-15,no,15.79,0.67
P1609,Face Serum,beauty,skincare,UrbanEdge,25.54,361,2.17,yes,2023-01-06,no,21.4,0.45
P1610,Instant Coffee,groceries,household,Acme,46.82,942,4.35,yes,2023-04-01,yes,2.55,1.71
P1611,Denim Jeans,fashion,footwear,PlaySphere,81.87,443,3.46,yes,2024-08-25,no,16.69,0.9
P1612,Rubik's Cube,toys,action_figures,Acme,76.38,953,2.08,no,2023-07-05,no,6.89,0.78
P1613,Storage Rack,home_decor,furniture,Nova,86.04,29,1.5,yes,2023-12-15,yes,0.14,3.19
P1614,Wooden Bookshelf,home_decor,furniture,Natura,163.35,676,4.18,yes,2023-02-24,no,19.34,4.05
P1615,Hair Oil,beauty,skincare,Nova,11.81,951,3.59,yes,2023-04-25,no,16.63,0.73
P1616,Hair Oil,beauty,makeup,Acme,11.46,877,3.78,yes,2023-01-31,no,9.16,0.93
P1617,Stuffed Animal,toys,action_figures,PlaySphere,55.6,275,1.61,yes,2025-01-10,yes,22.58,0.45
P1618,LED Desk Lamp,home_decor,lighting,Natura,155.53,106,2.85,yes,2024-08-22,no,11.12,3.64
P1619,Rubik's Cube,toys,action_figures,Verve,32.44,920,3.69,yes,2024-03-14,no,24.55,1.06
P1620,Organic Oats,groceries,beverages,PixelHaus,36.16,734,3.61,yes,2024-08-23,yes,15.26,2.37
P1621,Noise Cancelling Headphones,electronics,laptop,Natura,439.34,86,3.82,yes,2024-11-29,no,2.2,2.51
P1622,Lego Set,toys,puzzles,Acme,61.18,734,1.14,yes,2024-01-05,yes,17.38,1.79
P1623,Action Figure,toys,puzzles,PixelHaus,22.92,672,4.6,yes,2025-02-01,no,6.64,0.88
P1624,Formal Shoes,fashion,men_shirts,Verve,74.76,661,2.77,yes,2024-01-24,yes,14.05,0.21
P1625,Wall Art Frame,home_decor,lighting,UrbanEdge,79.31,392,3.7,yes,2024-06-20,no,22.84,1.62
P1626,Instant Coffee,groceries,household,Verve,11.95,534,1.06,yes,2024-12-07,no,4.7,1.59
P1627,Dish Soap,groceries,household,Nova,32.7,983,4.54,yes,2025-01-14,no,2.47,2.1
P1628,Hair Oil,beauty,makeup,Nova,65.92,527,1.27,yes,2023-08-26,no,16.65,0.9
P1629,Instant Coffee,groceries,snacks,Natura,3.88,866,3.17,yes,2024-12-06,no,4.65,2.78
P1630,Denim Jeans,fashion,men_shirts,PixelHaus,100.89,170,2.15,yes,2024-07-13,yes,16.51,0.98
P1631,Casual Dress,fashion,footwear,UrbanEdge,82.63,224,3.14,yes,2023-12-14,no,24.4,0.48
P1632,Action Figure,toys,puzzles,Acme,77.89,139,1.76,yes,2023-08-13,no,23.52,0.55
P1633,Moisturizer,beauty,makeup,PixelHaus,10.46,834,3.09,yes,2024-03-21,no,13.03,0.84
P1634,Denim Jeans,fashion,men_shirts,PlaySphere,109.68,534,1.69,yes,2023-09-28,yes,6.77,0.39
P1635,Decorative Vase,home_decor,storage,Verve,51.46,875,1.76,yes,2024-08-26,yes,16.91,1.67
P1636,Wall Art Frame,home_decor,furniture,Zenith,135.33,689,1.11,yes,2024-02-04,no,5.92,1.6
P1637,Casual Dress,fashion,footwear,Verve,112.34,78,4.82,no,2023-09-07,no,3.39,0.5
P1638,Noise Cancelling Headphones,electronics,audio,PixelHaus,333.64,707,3.91,yes,2024-07-25,yes,16.69,2.57
P1639,Face Serum,beauty,makeup,Zenith,14.55,857,2.54,yes,2023-02-02,no,11.82,0.63
P1640,Casual Dress,fashion,footwear,GlowCo,105.21,440,3.2,yes,2024-11-01,no,20.76,1.0
P1641,Portable Speaker,electronics,audio,Verve,389.3,147,1.78,yes,2024-04-10,yes,20.18,1.72
P1642,Shampoo Pack,beauty,makeup,Optima,16.36,862,3.63,yes,2023-08-12,yes,5.28,0.5
P1643,Stuffed Animal,toys,educational,UrbanEdge,58.41,351,1.35,yes,2023-03-08,no,11.21,1.12
P1644,Portable Speaker,electronics,laptop,Verve,460.47,541,4.13,yes,2024-12-15,no,11.81,2.77
P1645,Lego Set,toys,action_figures,Optima,65.7,906,3.39,yes,2024-09-29,no,2.8,1.96
P1646,Cotton Shirt,fashion,women_dresses,Optima,74.06,31,1.27,yes,2023-12-19,no,10.02,0.62
P1647,Action Figure,toys,educational,Zenith,45.4,108,3.04,yes,2024-09-16,yes,19.08,1.04
P1648,Wooden Bookshelf,home_decor,furniture,PixelHaus,166.18,393,2.49,yes,2023-07-14,no,2.83,1.55
P1649,Decorative Vase,home_decor,storage,Verve,42.5,573,3.5,yes,2024-07-02,yes,21.16,2.02
P1650,Casual Dress,fashion,men_shirts,GlowCo,110.66,641,1.18,yes,2023-11-20,no,17.26,0.71
P1651,Formal Shoes,fashion,footwear,PixelHaus,132.45,483,3.46,yes,2024-09-22,yes,21.09,0.38
P1652,Organic Oats,groceries,household,Optima,19.62,796,3.3,yes,2024-10-16,no,5.7,2.71
P1653,Leather Jacket,fashion,footwear,GlowCo,22.27,434,3.27,yes,2024-10-10,no,5.26,0.98
P1654,Face Serum,beauty,haircare,Nova,44.66,61,3.25,yes,2024-12-16,yes,13.3,0.98
P1655,Hair Oil,beauty,haircare,PixelHaus,55.4,916,3.52,yes,2024-12-03,no,9.51,0.57
P1656,Face Serum,beauty,makeup,UrbanEdge,59.45,332,4.03,no,2024-11-20,yes,21.85,0.19
P1657,Cotton Shirt,fashion,women_dresses,Verve,69.31,83,4.0,yes,2024-08-26,yes,9.37,0.76
P1658,Wireless Mouse,electronics,mobile,Optima,479.09,531,2.5,yes,2024-12-21,yes,19.44,2.46
P1659,Noise Cancelling Headphones,electronics,audio,Optima,275.53,287,4.37,yes,2024-07-18,no,17.73,0.92
P1660,Bluetooth Earbuds,electronics,camera,Zenith,317.89,441,2.75,yes,2024-06-08,yes,5.75,2.2
P1661,Moisturizer,beauty,makeup,GlowCo,26.75,267,4.9,yes,2024-05-21,no,24.39,0.21
P1662,Moisturizer,beauty,haircare,UrbanEdge,77.77,148,3.63,no,2024-09-11,no,12.27,0.47
P1663,Energy Drink,groceries,household,Optima,23.77,223,2.65,yes,2023-07-26,no,24.09,1.42
P1664,Leather Jacket,fashion,men_shirts,Acme,84.46,215,3.62,yes,2023-11-16,yes,9.34,0.99
P1665,Noise Cancelling Headphones,electronics,mobile,Acme,305.36,260,1.93,yes,2024-01-18,no,7.44,2.66
P1666,Dish Soap,groceries,household,Nova,29.61,829,2.84,yes,2023-12-04,yes,17.74,2.22
P1667,Storage Rack,home_decor,lighting,Optima,48.73,393,4.53,yes,2023-10-24,yes,11.88,2.61
P1668,Wireless Mouse,electronics,mobile,Natura,447.66,430,1.69,yes,2023-10-30,no,14.11,1.89
P1669,Smartphone,electronics,mobile,UrbanEdge,408.04,619,4.63,yes,2024-07-18,no,23.95,0.87
P1670,Storage Rack,home_decor,furniture,UrbanEdge,190.38,405,4.47,yes,2024-12-20,no,17.2,3.55
P1671,Organic Oats,groceries,household,PlaySphere,21.39,905,4.16,yes,2024-09-26,no,16.46,1.35
P1672,Decorative Vase,home_decor,storage,Zenith,149.08,571,4.02,yes,2024-08-05,yes,21.06,2.22
P1673,Energy Drink,groceries,snacks,Zenith,25.01,425,1.53,yes,2024-04-21,yes,1.63,0.3
P1674,Leather Jacket,fashion,women_dresses,Optima,119.68,432,1.69,yes,2023-11-28,yes,23.17,0.72
P1675,Denim Jeans,fashion,women_dresses,Zenith,111.46,505,2.8,yes,2024-09-02,no,3.17,0.32
P1676,Storage Rack,home_decor,storage,Nova,183.61,369,4.24,yes,2023-08-08,yes,3.97,1.17
P1677,Energy Drink,groceries,snacks,Verve,13.71,549,2.35,yes,2024-12-31,yes,3.22,2.96
P1678,Organic Oats,groceries,household,Natura,36.4,545,4.86,yes,2023-06-18,no,12.89,2.68
P1679,Dish Soap,groceries,beverages,Verve,15.03,584,3.9,no,2024-12-03,yes,12.89,2.04
P1680,Fruit Juice,groceries,beverages,PlaySphere,3.9,697,2.27,yes,2024-04-11,yes,24.07,2.1
P1681,Instant Coffee,groceries,beverages,Zenith,23.56,48,4.88,yes,2024-10-02,no,11.48,2.99
P1682,Wireless Mouse,electronics,laptop,Optima,202.38,919,2.14,yes,2023-03-21,yes,22.09,0.62
P1683,Lipstick Set,beauty,haircare,PixelHaus,55.93,287,1.88,yes,2023-11-06,yes,2.75,0.5
P1684,Dish Soap,groceries,household,PixelHaus,45.41,957,4.84,yes,2023-12-04,yes,19.75,1.9
P1685,Formal Shoes,fashion,men_shirts,Nova,119.79,682,2.77,yes,2024-06-08,no,10.63,0.34
P1686,Storage Rack,home_decor,storage,Optima,59.39,261,1.94,yes,2023-09-01,yes,13.87,3.23
P1687,Formal Shoes,fashion,women_dresses,GlowCo,95.11,118,3.63,no,2024-08-19,no,5.16,0.59
P1688,Dish Soap,groceries,household,Natura,28.77,697,3.22,yes,2024-11-01,no,6.73,0.83
P1689,Stuffed Animal,toys,educational,Nova,22.28,15,2.12,yes,2023-10-08,yes,19.52,0.37
P1690,Decorative Vase,home_decor,lighting,Acme,174.3,434,3.24,yes,2024-11-19,yes,14.17,3.95
P1691,Moisturizer,beauty,skincare,PixelHaus,12.06,886,2.94,yes,2023-02-07,no,18.2,0.14
P1692,Face Serum,beauty,haircare,PixelHaus,66.69,875,1.34,yes,2023-11-17,yes,10.63,0.84
P1693,Casual Dress,fashion,women_dresses,PixelHaus,47.07,765,4.58,yes,2024-08-22,no,4.22,0.88
P1694,Fruit Juice,groceries,beverages,Optima,3.52,612,2.09,yes,2023-09-25,yes,6.23,1.4
P1695,Lego Set,toys,educational,PixelHaus,59.7,772,1.37,yes,2024-02-29,yes,2.26,1.7
P1696,Casual Dress,fashion,footwear,Acme,96.41,350,4.06,yes,2023-08-31,no,21.6,0.23
P1697,Bluetooth Earbuds,electronics,mobile,Optima,239.54,516,1.74,yes,2024-09-16,yes,2.31,2.95
P1698,Casual Dress,fashion,women_dresses,GlowCo,113.4,827,4.56,yes,2023-11-04,yes,11.57,0.86
P1699,Energy Drink,groceries,household,Zenith,4.54,297,1.47,yes,2023-08-23,no,15.23,0.34
P1700,Fruit Juice,groceries,beverages,Verve,20.71,814,4.43,yes,2024-09-30,no,11.81,1.33
P1701,Smartphone,electronics,laptop,GlowCo,475.68,370,2.63,yes,2024-05-06,no,17.56,1.09
P1702,Energy Drink,groceries,snacks,Natura,15.38,117,1.07,yes,2024-12-28,yes,19.82,1.13
P1703,Energy Drink,groceries,beverages,Natura,22.04,80,3.78,yes,2024-01-17,no,14.05,1.25
P1704,Portable Speaker,electronics,camera,Acme,485.95,833,3.13,yes,2023-07-22,no,19.29,2.22
P1705,Wooden Bookshelf,home_decor,storage,Optima,40.74,763,2.65,yes,2025-01-26,yes,20.49,3.17
P1706,Smartphone,electronics,audio,Acme,403.19,242,2.76,yes,2024-05-06,yes,5.21,1.98
P1707,Board Game,toys,educational,Zenith,38.2,15,3.37,yes,2023-02-24,yes,1.94,0.53
P1708,Bluetooth Earbuds,electronics,audio,UrbanEdge,439.17,780,4.84,yes,2023-05-31,no,15.18,1.54
P1709,Leather Jacket,fashion,footwear,PixelHaus,126.47,615,4.9,yes,2023-04-12,yes,2.28,0.47
P1710,Hair Oil,beauty,skincare,Zenith,41.03,246,1.41,yes,2023-05-14,yes,22.4,0.23
P1711,Wooden Bookshelf,home_decor,lighting,Verve,46.96,941,2.35,yes,2023-02-03,yes,2.15,4.2
P1712,Wireless Mouse,electronics,mobile,Natura,234.65,313,1.48,yes,2023-01-14,yes,17.91,0.52
P1713,Energy Drink,groceries,snacks,Nova,3.92,253,1.56,yes,2023-03-23,yes,16.68,1.71
P1714,Lipstick Set,beauty,haircare,Natura,71.07,135,4.18,yes,2024-05-29,yes,12.14,0.5
P1715,Cotton Shirt,fashion,women_dresses,Zenith,37.83,348,3.48,yes,2023-05-20,no,18.21,0.97
P1716,Leather Jacket,fashion,footwear,Zenith,67.84,286,4.4,yes,2024-05-01,yes,8.5,0.33
P1717,Stuffed Animal,toys,action_figures,Optima,47.29,328,3.23,yes,2024-07-08,yes,7.49,0.65
P1718,Moisturizer,beauty,haircare,Nova,65.55,800,1.5,yes,2023-11-12,no,24.81,0.19
P1719,Face Serum,beauty,skincare,GlowCo,33.41,571,4.98,yes,2023-08-22,yes,23.03,0.31
P1720,Cotton Shirt,fashion,men_shirts,PixelHaus,106.03,186,3.28,yes,2023-11-27,no,6.08,0.64
P1721,Casual Dress,fashion,women_dresses,PlaySphere,129.14,155,1.56,yes,2024-04-22,yes,10.5,0.6
P1722,Wooden Bookshelf,home_decor,furniture,GlowCo,64.13,909,3.32,yes,2023-04-13,yes,14.42,1.29
P1723,Denim Jeans,fashion,men_shirts,Natura,66.83,375,3.03,yes,2024-07-17,yes,10.79,0.44
P1724,Bluetooth Earbuds,electronics,camera,GlowCo,265.72,885,2.23,yes,2024-05-05,no,1.3,2.62
P1725,Dish Soap,groceries,household,Natura,13.42,644,3.9,yes,2024-11-24,yes,17.47,0.52
P1726,Denim Jeans,fashion,men_shirts,Verve,25.39,226,3.01,yes,2025-01-08,no,24.55,0.89
P1727,Organic Oats,groceries,beverages,PixelHaus,33.38,677,4.5,yes,2024-06-10,no,22.73,2.36
P1728,Face Serum,beauty,makeup,Zenith,29.36,343,3.39,yes,2023-09-30,yes,11.24,0.16
P1729,Decorative Vase,home_decor,storage,UrbanEdge,189.96,997,2.1,yes,2024-03-26,yes,9.44,1.28
P1730,Formal Shoes,fashion,women_dresses,GlowCo,79.94,999,3.03,yes,2024-04-16,yes,7.43,0.87
P1731,Energy Drink,groceries,household,Verve,10.18,887,2.62,yes,2023-06-07,no,18.21,1.92
P1732,Moisturizer,beauty,skincare,PixelHaus,77.92,286,4.5,yes,2023-09-06,no,13.1,0.58
P1733,Lego Set,toys,action_figures,UrbanEdge,36.6,724,2.65,yes,2023-08-25,yes,17.61,1.15
P1734,Cotton Shirt,fashion,women_dresses,Verve,83.81,627,4.04,yes,2023-09-11,yes,10.65,0.67
P1735,Casual Dress,fashion,women_dresses,Acme,61.63,808,4.95,yes,2024-10-06,no,2.11,0.8
P1736,Noise Cancelling Headphones,electronics,audio,Optima,270.36,141,2.19,yes,2023-07-03,yes,20.39,2.68
P1737,Casual Dress,fashion,footwear,Nova,148.31,177,1.37,yes,2024-09-28,yes,23.23,0.21
P1738,Energy Drink,groceries,household,GlowCo,20.4,138,3.86,yes,2023-09-03,no,2.12,1.97
P1739,Noise Cancelling Headphones,electronics,camera,Acme,188.06,340,2.79,yes,2024-12-30,yes,23.36,2.78
P1740,Wall Art Frame,home_decor,storage,UrbanEdge,194.97,781,2.56,yes,2024-03-12,no,13.27,2.73
P1741,Moisturizer,beauty,skincare,PixelHaus,67.9,652,3.87,yes,2024-01-23,yes,9.97,0.38
P1742,Casual Dress,fashion,men_shirts,PixelHaus,110.44,656,4.09,yes,2023-06-26,no,17.54,0.42
P1743,LED Desk Lamp,home_decor,storage,Optima,70.89,419,1.74,yes,2023-08-16,no,3.11,2.54
P1744,Bluetooth Earbuds,electronics,laptop,Acme,349.99,769,2.21,yes,2024-11-22,no,20.37,1.43
P1745,Leather Jacket,fashion,women_dresses,Acme,117.01,744,1.01,no,2023-05-31,yes,12.16,0.82
P1746,Cotton Shirt,fashion,footwear,Verve,113.13,953,3.03,yes,2023-03-03,yes,20.45,0.48
P1747,Rubik's Cube,toys,educational,UrbanEdge,85.05,337,3.11,yes,2023-07-30,no,6.72,0.3
P1748,Board Game,toys,educational,Verve,11.95,38,3.68,yes,2024-08-14,no,4.56,1.55
P1749,Denim Jeans,fashion,footwear,Nova,59.67,406,4.26,yes,2025-01-04,no,15.31,0.97
P1750,Organic Oats,groceries,beverages,Optima,4.34,395,2.44,no,2024-08-12,no,23.99,1.75
P1751,Decorative Vase,home_decor,storage,UrbanEdge,137.49,479,3.52,yes,2025-01-10,yes,23.58,1.09
P1752,Energy Drink,groceries,beverages,Optima,37.16,12,1.94,yes,2023-09-22,yes,9.05,2.88
P1753,Action Figure,toys,action_figures,GlowCo,68.94,267,2.22,yes,2023-01-31,yes,16.01,0.42
P1754,Decorative Vase,home_decor,lighting,Acme,187.8,502,3.22,yes,2024-07-16,no,11.07,3.69
P1755,Noise Cancelling Headphones,electronics,mobile,Acme,353.73,227,1.04,yes,2024-11-15,no,7.98,1.73
P1756,Portable Speaker,electronics,mobile,PlaySphere,207.77,184,1.67,yes,2023-10-10,no,5.03,0.83
P1757,Noise Cancelling Headphones,electronics,audio,GlowCo,172.5,750,1.92,yes,2024-11-25,yes,8.09,2.33
P1758,Noise Cancelling Headphones,electronics,camera,Zenith,351.16,666,1.28,yes,2023-01-31,no,14.45,1.97
P1759,Cotton Shirt,fashion,women_dresses,Optima,61.83,575,4.22,yes,2025-02-02,no,3.27,0.51
P1760,Lego Set,toys,puzzles,GlowCo,80.14,708,4.91,yes,2024-06-18,yes,19.45,1.72
P1761,Wireless Mouse,electronics,laptop,PlaySphere,491.04,859,2.06,yes,2024-06-11,yes,0.3,1.63
P1762,Portable Speaker,electronics,mobile,Natura,459.89,89,1.52,yes,2023-05-13,yes,18.59,2.33
P1763,Shampoo Pack,beauty,skincare,Verve,27.15,879,3.93,yes,2024-07-28,yes,10.51,0.73
P1764,Bluetooth Earbuds,electronics,laptop,Verve,115.31,816,2.67,yes,2023-04-18,no,5.16,1.71
P1765,Portable Speaker,electronics,laptop,GlowCo,450.97,542,3.55,yes,2023-10-03,yes,6.43,2.59
P1766,Lego Set,toys,action_figures,UrbanEdge,19.92,860,4.52,yes,2023-07-29,no,19.99,1.21
P1767,Lego Set,toys,puzzles,Optima,24.86,786,2.42,yes,2024-04-11,yes,1.49,0.56
P1768,Noise Cancelling Headphones,electronics,camera,PlaySphere,463.43,372,2.37,yes,2024-09-03,yes,14.19,1.31
P1769,Denim Jeans,fashion,women_dresses,GlowCo,22.04,472,4.27,yes,2023-08-21,no,15.28,0.45
P1770,Smartphone,electronics,audio,PlaySphere,144.1,949,3.69,yes,2023-06-22,no,10.01,1.3
P1771,Cotton Shirt,fashion,women_dresses,Nova,127.87,281,4.5,yes,2023-11-03,no,8.81,0.34
P1772,Stuffed Animal,toys,educational,Acme,58.65,37,4.66,yes,2024-05-13,no,22.02,0.83
P1773,Leather Jacket,fashion,footwear,Verve,103.12,694,2.78,yes,2024-03-30,yes,6.73,0.88
P1774,Stuffed Animal,toys,educational,Zenith,32.56,657,3.71,yes,2023-05-10,yes,2.44,0.85
P1775,Casual Dress,fashion,women_dresses,UrbanEdge,79.61,131,4.48,yes,2024-07-05,yes,8.56,0.78
P1776,Face Serum,beauty,haircare,Zenith,33.0,995,3.42,yes,2025-02-07,yes,17.04,0.33
P1777,Leather Jacket,fashion,men_shirts,Verve,95.65,256,3.98,yes,2023-01-25,yes,17.57,0.27
P1778,Action Figure,toys,puzzles,GlowCo,14.14,117,1.73,yes,2024-10-10,yes,5.49,0.26
P1779,Lego Set,toys,educational,Zenith,92.01,766,2.64,yes,2023-09-20,no,8.22,1.68
P1780,Rubik's Cube,toys,educational,PixelHaus,14.55,90,4.84,yes,2024-07-21,yes,1.58,0.71
P1781,Stuffed Animal,toys,puzzles,UrbanEdge,51.65,430,1.61,yes,2024-01-28,yes,4.04,0.78
P1782,Noise Cancelling Headphones,electronics,mobile,UrbanEdge,439.32,271,3.34,yes,2023-10-26,yes,0.09,2.26
P1783,Denim Jeans,fashion,men_shirts,Optima,136.68,550,2.47,yes,2024-03-11,yes,16.24,0.6
P1784,Wireless Mouse,electronics,camera,GlowCo,261.7,501,2.78,yes,2023-02-06,no,5.77,1.26
P1785,Rubik's Cube,toys,puzzles,Verve,96.12,154,2.59,yes,2025-01-30,yes,9.66,1.02
P1786,Energy Drink,groceries,snacks,Zenith,23.3,28,2.68,yes,2024-05-09,yes,0.57,1.18
P1787,Formal Shoes,fashion,footwear,Acme,29.46,284,1.29,no,2023-09-17,no,23.34,0.61
P1788,Formal Shoes,fashion,women_dresses,Zenith,135.16,106,3.18,yes,2023-03-22,no,15.52,0.64
P1789,Portable Speaker,electronics,mobile,Zenith,138.08,89,4.84,yes,2024-01-06,yes,9.49,2.42
P1790,Wooden Bookshelf,home_decor,furniture,Optima,61.81,213,4.48,yes,2024-04-21,no,6.22,4.84
P1791,Noise Cancelling Headphones,electronics,camera,Verve,462.21,540,3.23,yes,2024-02-13,yes,20.12,0.95
P1792,Casual Dress,fashion,men_shirts,Natura,64.85,700,2.33,yes,2024-11-28,no,22.25,0.91
P1793,Dish Soap,groceries,beverages,Nova,33.88,744,1.81,no,2024-11-03,no,11.11,1.33
P1794,Lipstick Set,beauty,haircare,Acme,44.14,900,1.19,no,2024-06-08,no,13.51,0.15
P1795,Moisturizer,beauty,haircare,Acme,38.32,463,1.9,yes,2023-03-04,yes,2.59,0.91
P1796,Bluetooth Earbuds,electronics,mobile,GlowCo,332.3,361,1.99,yes,2024-02-28,yes,10.8,1.42
P1797,Rubik's Cube,toys,puzzles,Verve,43.24,205,1.39,yes,2024-12-12,no,0.63,1.51
P1798,Portable Speaker,electronics,mobile,Nova,232.93,338,3.59,yes,2023-05-05,no,11.93,1.08
P1799,Hair Oil,beauty,haircare,Optima,55.64,353,2.92,no,2024-06-01,yes,13.71,0.84
P1800,Organic Oats,groceries,snacks,Optima,13.72,603,1.32,no,2023-02-18,no,16.24,1.79
P1801,Wooden Bookshelf,home_decor,furniture,UrbanEdge,56.89,631,4.92,yes,2023-07-22,no,6.76,1.63
P1802,Moisturizer,beauty,makeup,PlaySphere,27.63,889,4.95,yes,2023-01-17,no,18.3,0.69
P1803,Storage Rack,home_decor,furniture,Optima,135.21,147,4.68,yes,2023-01-30,no,14.43,4.07
P1804,Leather Jacket,fashion,women_dresses,Zenith,124.28,533,4.34,yes,2024-04-15,yes,2.23,0.32
P1805,Rubik's Cube,toys,action_figures,PixelHaus,10.51,726,3.67,yes,2024-08-14,no,10.38,1.56
P1806,Smartphone,electronics,audio,Nova,166.48,441,3.15,yes,2023-11-07,yes,21.68,1.29
P1807,Dish Soap,groceries,beverages,PixelHaus,21.21,484,1.49,yes,2024-12-31,yes,23.95,1.53
P1808,Rubik's Cube,toys,puzzles,Nova,93.95,605,4.01,no,2024-08-13,yes,12.87,0.85
P1809,Noise Cancelling Headphones,electronics,laptop,Acme,206.5,36,4.94,yes,2024-08-26,no,11.82,0.58
P1810,Fruit Juice,groceries,snacks,Verve,39.74,731,2.08,yes,2023-02-25,yes,9.01,1.07
P1811,Moisturizer,beauty,haircare,Acme,48.64,274,2.43,yes,2024-02-24,yes,19.52,0.45
P1812,Lego Set,toys,puzzles,UrbanEdge,19.0,491,2.61,yes,2024-08-05,yes,17.44,1.93
P1813,Stuffed Animal,toys,educational,PlaySphere,62.39,508,3.55,yes,2024-06-05,yes,19.33,0.65
P1814,Dish Soap,groceries,beverages,Optima,46.05,880,1.82,yes,2024-07-23,no,3.49,1.2
P1815,Casual Dress,fashion,men_shirts,Optima,50.38,138,3.73,yes,2024-10-21,no,14.32,0.96
P1816,Stuffed Animal,toys,educational,Natura,90.5,708,2.39,yes,2024-09-24,no,9.56,1.29
P1817,Moisturizer,beauty,makeup,UrbanEdge,23.04,532,4.57,yes,2024-06-15,no,24.32,0.5
P1818,Rubik's Cube,toys,puzzles,Verve,50.08,187,1.08,yes,2023-07-25,yes,15.68,1.16
P1819,Bluetooth Earbuds,electronics,audio,Nova,456.4,265,2.71,yes,2024-06-21,yes,11.94,2.76
P1820,Instant Coffee,groceries,household,Verve,5.25,923,1.18,yes,2024-02-11,no,16.88,2.95
P1821,Rubik's Cube,toys,action_figures,Verve,85.26,923,1.53,no,2023-10-27,yes,21.89,1.46
P1822,Storage Rack,home_decor,lighting,Nova,102.1,176,3.66,yes,2025-01-29,yes,4.18,4.27
P1823,Bluetooth Earbuds,electronics,audio,Nova,137.08,946,4.16,yes,2024-03-13,yes,10.32,0.74
P1824,Lego Set,toys,puzzles,Optima,20.99,487,2.35,yes,2024-02-19,no,16.39,1.68
P1825,Action Figure,toys,puzzles,Optima,32.2,639,4.42,yes,2023-05-10,no,13.48,1.59
P1826,Rubik's Cube,toys,action_figures,PixelHaus,70.15,607,3.86,yes,2024-11-29,no,6.36,1.98
P1827,Rubik's Cube,toys,educational,Natura,18.44,153,3.67,yes,2023-05-12,yes,11.33,1.48
P1828,Dish Soap,groceries,snacks,GlowCo,32.22,549,4.88,no,2024-05-09,yes,3.7,0.52
P1829,Shampoo Pack,beauty,skincare,Verve,25.92,290,3.54,yes,2023-06-26,no,18.39,0.19
P1830,Face Serum,beauty,skincare,PixelHaus,18.17,738,1.07,yes,2023-02-05,yes,18.85,0.33
P1831,Lego Set,toys,puzzles,Acme,58.57,113,1.23,yes,2023-07-19,yes,1.13,1.93
P1832,Decorative Vase,home_decor,lighting,Zenith,144.64,392,4.06,yes,2023-06-16,no,12.5,4.72
P1833,Instant Coffee,groceries,beverages,Zenith,7.51,189,4.52,yes,2024-01-13,yes,19.15,0.42
P1834,Storage Rack,home_decor,storage,PixelHaus,47.48,294,3.65,yes,2023-04-26,no,10.89,4.55
P1835,Hair Oil,beauty,skincare,Optima,12.14,216,1.74,yes,2023-10-03,no,5.2,0.66
P1836,Smartphone,electronics,laptop,GlowCo,276.96,360,1.46,yes,2024-08-03,yes,18.29,2.37
P1837,Fruit Juice,groceries,snacks,Natura,3.79,233,4.03,yes,2023-04-11,yes,3.4,0.72
P1838,Shampoo Pack,beauty,makeup,Acme,73.68,921,2.88,yes,2023-08-28,yes,11.82,0.34
P1839,Denim Jeans,fashion,footwear,GlowCo,62.71,347,1.17,yes,2024-01-04,no,20.95,0.5
P1840,Casual Dress,fashion,footwear,PlaySphere,149.5,499,2.85,no,2023-05-16,no,6.12,1.0
P1841,Bluetooth Earbuds,electronics,laptop,GlowCo,136.68,901,1.08,yes,2023-04-28,yes,6.26,1.61
P1842,Moisturizer,beauty,skincare,PixelHaus,64.07,678,1.03,yes,2023-01-15,no,16.44,0.12
P1843,Lego Set,toys,puzzles,Optima,98.25,652,3.98,yes,2023-01-21,yes,9.69,1.38
P1844,Lego Set,toys,action_figures,Optima,34.93,192,2.16,yes,2024-06-13,yes,24.64,1.9
P1845,Fruit Juice,groceries,snacks,Optima,31.0,805,4.79,yes,2023-04-20,no,24.9,2.03
P1846,Moisturizer,beauty,makeup,Acme,13.29,603,1.69,yes,2023-08-31,no,20.31,0.33
P1847,Moisturizer,beauty,makeup,Acme,37.5,293,3.41,yes,2024-12-16,yes,19.57,0.78
P1848,Wireless Mouse,electronics,camera,UrbanEdge,471.6,364,3.25,yes,2024-05-29,no,8.42,0.5
P1849,Denim Jeans,fashion,women_dresses,PlaySphere,115.49,612,2.4,yes,2023-06-14,no,4.83,0.63
P1850,Denim Jeans,fashion,men_shirts,Natura,49.83,355,4.84,yes,2023-07-09,no,4.24,0.22
P1851,Face Serum,beauty,skincare,UrbanEdge,30.76,702,3.56,yes,2023-03-29,no,3.73,0.94
P1852,Decorative Vase,home_decor,furniture,PixelHaus,156.82,692,3.18,no,2023-08-04,no,4.31,2.23
P1853,Bluetooth Earbuds,electronics,audio,PlaySphere,397.48,560,4.84,yes,2023-11-06,no,13.35,2.17
P1854,Instant Coffee,groceries,beverages,PixelHaus,31.02,969,2.11,yes,2023-05-07,no,22.9,2.69
P1855,Denim Jeans,fashion,men_shirts,GlowCo,53.48,705,2.88,no,2023-10-16,yes,9.15,0.56
P1856,Noise Cancelling Headphones,electronics,camera,GlowCo,300.7,487,3.72,yes,2023-05-23,yes,2.81,2.19
P1857,Casual Dress,fashion,men_shirts,Natura,149.34,459,1.68,yes,2023-05-23,yes,10.67,0.55
P1858,Denim Jeans,fashion,men_shirts,UrbanEdge,43.03,250,2.03,yes,2023-01-06,no,3.19,0.36
P1859,Hair Oil,beauty,haircare,Natura,41.14,502,4.27,yes,2024-11-03,no,19.32,0.73
P1860,LED Desk Lamp,home_decor,furniture,PlaySphere,37.02,55,1.49,yes,2023-12-29,yes,3.37,4.28
P1861,Denim Jeans,fashion,women_dresses,PixelHaus,137.02,440,1.07,no,2023-11-23,yes,17.61,0.8
P1862,Stuffed Animal,toys,action_figures,Natura,15.54,780,1.4,yes,2023-03-19,yes,17.71,0.85
P1863,Cotton Shirt,fashion,men_shirts,Zenith,36.46,282,4.64,yes,2023-05-04,yes,2.01,0.81
P1864,Leather Jacket,fashion,footwear,Zenith,123.99,224,2.11,yes,2024-08-24,yes,17.51,0.79
P1865,Board Game,toys,puzzles,Zenith,35.18,266,3.01,yes,2024-05-12,yes,7.97,1.75
P1866,Decorative Vase,home_decor,furniture,Acme,161.6,798,1.67,yes,2023-10-27,no,6.07,4.08
P1867,Action Figure,toys,action_figures,Optima,32.16,714,4.6,yes,2025-01-09,yes,7.98,1.1
P1868,Fruit Juice,groceries,household,Optima,15.14,479,4.49,yes,2023-11-03,no,11.94,0.73
P1869,Face Serum,beauty,haircare,Natura,13.54,989,4.84,yes,2025-02-08,yes,4.89,0.43
P1870,Stuffed Animal,toys,educational,Nova,85.16,598,2.79,yes,2023-10-17,yes,16.65,1.35
P1871,LED Desk Lamp,home_decor,lighting,Optima,126.47,804,4.54,yes,2024-12-29,no,4.21,2.06
P1872,Board Game,toys,action_figures,Acme,10.48,121,3.18,yes,2024-03-23,yes,19.15,1.25
P1873,Leather Jacket,fashion,footwear,UrbanEdge,72.51,355,3.48,yes,2023-04-06,no,24.28,0.92
P1874,Shampoo Pack,beauty,haircare,Nova,78.01,638,1.8,no,2024-11-18,no,24.23,0.25
P1875,Organic Oats,groceries,beverages,Zenith,16.12,310,3.92,yes,2023-10-15,no,10.54,2.46
P1876,Cotton Shirt,fashion,women_dresses,Verve,73.33,841,3.71,yes,2025-02-27,no,11.41,0.68
P1877,Bluetooth Earbuds,electronics,laptop,PlaySphere,256.56,708,4.08,yes,2023-01-10,yes,8.02,0.62
P1878,Action Figure,toys,action_figures,PixelHaus,64.6,122,3.74,yes,2023-05-04,no,10.72,0.21
P1879,Portable Speaker,electronics,camera,Nova,293.96,222,4.58,yes,2023-10-01,yes,20.55,2.03
P1880,Bluetooth Earbuds,electronics,mobile,PlaySphere,255.01,957,4.49,yes,2023-11-04,yes,9.68,1.28
P1881,Bluetooth Earbuds,electronics,audio,Optima,407.79,481,4.04,yes,2024-02-13,yes,18.43,1.09
P1882,Action Figure,toys,action_figures,Acme,44.67,689,2.45,no,2023-08-12,no,3.06,0.99
P1883,Instant Coffee,groceries,snacks,Nova,38.81,38,1.58,yes,2023-10-22,yes,10.21,2.21
P1884,Wall Art Frame,home_decor,lighting,PixelHaus,87.87,10,1.27,yes,2023-07-12,no,3.87,3.81
P1885,Dish Soap,groceries,snacks,PixelHaus,31.8,202,1.99,yes,2023-04-28,no,5.1,2.55
P1886,Stuffed Animal,toys,action_figures,Natura,36.44,767,2.79,yes,2023-10-20,no,8.76,1.59
P1887,Portable Speaker,electronics,audio,PlaySphere,464.59,303,2.84,yes,2023-10-18,yes,12.47,2.05
P1888,Instant Coffee,groceries,household,Natura,28.48,141,3.68,yes,2024-05-14,no,2.04,1.16
P1889,Action Figure,toys,puzzles,PlaySphere,96.11,330,4.09,no,2023-12-20,no,16.83,1.3
P1890,Decorative Vase,home_decor,lighting,PlaySphere,178.7,40,1.76,yes,2023-09-10,no,15.93,3.4
P1891,Lipstick Set,beauty,skincare,Verve,29.36,739,4.47,yes,2024-09-05,yes,24.85,0.84
P1892,Rubik's Cube,toys,puzzles,Zenith,82.3,627,3.82,no,2024-04-05,no,11.61,1.32
P1893,Rubik's Cube,toys,educational,Zenith,35.84,209,4.42,yes,2024-10-02,yes,18.53,1.34
P1894,Formal Shoes,fashion,footwear,GlowCo,24.66,487,2.3,yes,2025-02-26,no,9.06,0.61
P1895,LED Desk Lamp,home_decor,lighting,Acme,110.03,115,3.15,yes,2024-03-19,yes,23.72,3.97
P1896,Shampoo Pack,beauty,makeup,Optima,24.42,491,4.61,yes,2023-12-06,yes,19.01,0.79
P1897,Stuffed Animal,toys,action_figures,PlaySphere,38.72,83,1.62,yes,2024-10-24,no,3.53,0.3
P1898,Bluetooth Earbuds,electronics,audio,UrbanEdge,211.14,873,4.57,yes,2024-01-25,no,3.42,0.65
P1899,Storage Rack,home_decor,furniture,Acme,147.33,752,4.42,yes,2024-06-19,no,14.11,2.38
P1900,Hair Oil,beauty,skincare,Natura,57.59,182,3.27,yes,2024-01-10,yes,7.79,0.88
P1901,Lego Set,toys,action_figures,UrbanEdge,93.19,698,1.66,yes,2023-01-11,no,13.04,1.44
P1902,Lipstick Set,beauty,makeup,Zenith,75.67,768,1.19,yes,2024-01-26,yes,12.55,0.49
P1903,Wireless Mouse,electronics,camera,GlowCo,169.1,705,3.06,yes,2024-03-13,yes,2.52,1.26
P1904,LED Desk Lamp,home_decor,furniture,PixelHaus,185.39,760,1.87,yes,2023-09-08,no,0.54,3.2
P1905,Casual Dress,fashion,women_dresses,PlaySphere,106.16,340,2.88,yes,2023-04-11,no,14.6,0.97
P1906,Casual Dress,fashion,footwear,Optima,65.45,480,3.38,yes,2023-04-06,yes,8.66,0.5
P1907,LED Desk Lamp,home_decor,storage,Verve,191.37,66,1.54,yes,2023-04-08,no,24.46,3.23
P1908,Storage Rack,home_decor,storage,GlowCo,115.9,845,5.0,yes,2025-02-06,yes,11.69,3.99
P1909,LED Desk Lamp,home_decor,furniture,GlowCo,168.16,91,4.83,yes,2024-06-18,yes,21.7,4.36
P1910,Lego Set,toys,action_figures,Zenith,43.95,833,3.96,yes,2023-04-04,yes,1.63,0.9
P1911,Face Serum,beauty,skincare,Optima,31.4,613,4.12,yes,2024-10-30,yes,9.32,0.56
P1912,Moisturizer,beauty,skincare,Verve,76.58,958,3.66,yes,2023-05-05,yes,7.98,0.56
P1913,Wireless Mouse,electronics,laptop,Nova,498.03,577,4.43,yes,2024-11-23,yes,2.51,1.66
P1914,Fruit Juice,groceries,snacks,Natura,10.39,856,3.42,yes,2023-01-19,no,19.67,2.71
P1915,LED Desk Lamp,home_decor,storage,Verve,143.66,634,1.06,yes,2023-05-18,no,9.22,1.11
P1916,Smartphone,electronics,laptop,Verve,220.56,977,1.96,yes,2024-05-09,yes,3.07,2.55
P1917,Shampoo Pack,beauty,makeup,PlaySphere,14.17,337,4.79,yes,2024-07-15,yes,22.15,0.35
P1918,Formal Shoes,fashion,women_dresses,Verve,69.85,455,2.48,yes,2023-04-13,no,5.78,0.53
P1919,Action Figure,toys,action_figures,GlowCo,39.24,818,4.86,yes,2024-02-12,yes,10.67,0.34
P1920,Portable Speaker,electronics,laptop,Acme,430.81,147,3.42,yes,2024-05-10,no,15.75,2.49
P1921,Action Figure,toys,educational,PlaySphere,14.76,670,3.3,yes,2024-12-01,no,1.71,0.75
P1922,Hair Oil,beauty,makeup,Acme,36.37,381,1.4,yes,2024-07-10,yes,1.4,0.37
P1923,Fruit Juice,groceries,snacks,Natura,42.27,969,1.32,yes,2025-01-16,yes,16.05,0.25
P1924,Smartphone,electronics,camera,Acme,142.27,514,3.55,yes,2024-07-29,yes,14.78,2.9
P1925,Lego Set,toys,action_figures,PlaySphere,95.67,532,4.54,yes,2025-02-15,no,6.03,1.85
P1926,Organic Oats,groceries,household,Nova,42.89,254,4.85,yes,2024-04-11,no,2.11,0.63
P1927,Fruit Juice,groceries,household,PixelHaus,38.83,713,1.5,yes,2025-01-29,no,0.95,2.84
P1928,Organic Oats,groceries,beverages,Nova,9.16,322,4.08,yes,2024-05-01,yes,17.9,1.0
P1929,Action Figure,toys,educational,GlowCo,76.16,772,3.7,yes,2023-10-23,no,10.4,1.52
P1930,Board Game,toys,educational,UrbanEdge,71.71,516,1.77,yes,2023-12-21,no,22.34,1.22
P1931,Portable Speaker,electronics,mobile,Zenith,283.15,52,2.32,yes,2023-09-22,no,3.18,2.89
P1932,Organic Oats,groceries,household,GlowCo,43.2,60,3.29,yes,2023-03-08,no,1.56,0.92
P1933,Moisturizer,beauty,haircare,Natura,21.23,815,2.17,yes,2024-07-02,yes,9.49,0.96
P1934,Hair Oil,beauty,haircare,Verve,72.91,735,3.66,yes,2024-09-28,no,8.1,0.64
P1935,Action Figure,toys,action_figures,Nova,86.05,988,2.07,yes,2024-12-23,yes,10.37,0.52
P1936,Smartphone,electronics,mobile,Natura,253.14,243,2.88,yes,2024-12-18,yes,21.17,0.68
P1937,Noise Cancelling Headphones,electronics,laptop,PixelHaus,314.36,506,4.77,yes,2024-05-18,yes,7.26,1.21
P1938,Lego Set,toys,educational,Natura,20.92,796,2.43,yes,2024-09-18,yes,15.25,1.5
P1939,Leather Jacket,fashion,footwear,Optima,109.94,230,3.81,no,2024-12-21,yes,4.67,0.7
P1940,Lipstick Set,beauty,haircare,UrbanEdge,74.33,631,2.3,no,2024-12-22,yes,6.36,0.67
P1941,Shampoo Pack,beauty,skincare,UrbanEdge,71.01,742,2.72,yes,2024-12-03,yes,17.49,0.32
P1942,Storage Rack,home_decor,lighting,Acme,138.96,985,2.52,yes,2023-08-26,yes,2.01,2.45
P1943,Organic Oats,groceries,beverages,Zenith,47.69,49,1.15,yes,2023-08-09,yes,20.67,0.89
P1944,Organic Oats,groceries,snacks,Natura,3.86,240,1.68,yes,2024-08-21,yes,9.25,1.17
P1945,Fruit Juice,groceries,snacks,Optima,6.95,582,4.11,yes,2024-10-13,yes,11.64,2.98
P1946,Smartphone,electronics,audio,PixelHaus,154.74,391,3.86,no,2023-02-08,no,24.12,1.95
P1947,Moisturizer,beauty,makeup,GlowCo,12.07,164,3.07,yes,2023-08-05,no,21.32,0.61
P1948,Wall Art Frame,home_decor,storage,Verve,51.9,450,3.9,yes,2024-05-07,yes,17.93,4.53
P1949,Face Serum,beauty,haircare,UrbanEdge,51.15,435,4.14,yes,2024-08-15,yes,10.64,0.63
P1950,Energy Drink,groceries,beverages,UrbanEdge,41.88,224,4.36,yes,2023-08-21,yes,1.87,1.93
P1951,Board Game,toys,educational,Optima,31.78,39,2.96,yes,2024-09-12,no,17.37,1.39
P1952,Formal Shoes,fashion,men_shirts,PixelHaus,45.16,753,4.56,yes,2024-07-22,yes,15.16,0.45
P1953,Dish Soap,groceries,snacks,PixelHaus,25.04,789,4.12,yes,2023-01-22,yes,21.2,0.51
P1954,Lipstick Set,beauty,skincare,Zenith,47.57,859,4.73,yes,2024-11-05,yes,23.48,0.66
P1955,Lego Set,toys,educational,UrbanEdge,88.44,856,1.62,no,2023-09-26,no,21.04,1.61
P1956,Cotton Shirt,fashion,women_dresses,UrbanEdge,44.81,407,3.96,yes,2023-08-23,yes,24.17,0.58
P1957,Cotton Shirt,fashion,footwear,UrbanEdge,51.74,144,1.9,no,2023-10-13,yes,13.84,0.33
P1958,Hair Oil,beauty,skincare,Verve,68.74,259,4.08,yes,2023-12-04,no,11.11,0.13
P1959,Cotton Shirt,fashion,footwear,Nova,48.2,883,3.37,yes,2023-05-28,yes,23.98,0.44
P1960,LED Desk Lamp,home_decor,furniture,GlowCo,61.28,746,3.67,yes,2023-01-26,no,10.01,2.27
P1961,Casual Dress,fashion,women_dresses,GlowCo,31.14,511,4.15,yes,2024-08-30,no,10.12,0.65
P1962,Lego Set,toys,action_figures,GlowCo,41.85,526,4.92,yes,2025-01-03,no,21.1,0.32
P1963,Stuffed Animal,toys,educational,Nova,71.93,419,4.98,yes,2023-08-21,yes,14.16,1.6
P1964,Lipstick Set,beauty,haircare,UrbanEdge,30.75,855,3.62,yes,2024-02-25,no,5.16,0.74
P1965,Shampoo Pack,beauty,makeup,Acme,20.82,124,4.6,no,2024-06-08,yes,17.49,0.4
P1966,Fruit Juice,groceries,beverages,GlowCo,31.46,750,1.49,yes,2023-11-04,no,21.97,0.72
P1967,Storage Rack,home_decor,lighting,PlaySphere,175.58,399,2.83,no,2023-02-03,no,13.07,4.38
P1968,Fruit Juice,groceries,beverages,UrbanEdge,49.46,592,4.82,yes,2025-02-11,no,3.01,2.14
P1969,Board Game,toys,puzzles,PixelHaus,51.38,679,1.07,yes,2024-09-01,no,1.26,1.35
P1970,Storage Rack,home_decor,lighting,GlowCo,66.95,785,3.32,no,2023-09-03,yes,6.76,1.43
P1971,Leather Jacket,fashion,men_shirts,Zenith,97.53,889,1.53,yes,2024-04-16,yes,15.58,0.96
P1972,Storage Rack,home_decor,storage,Natura,103.49,887,2.4,no,2024-03-07,no,4.68,2.64
P1973,Portable Speaker,electronics,audio,PlaySphere,435.88,240,1.24,yes,2023-12-20,yes,11.91,1.13
P1974,Shampoo Pack,beauty,makeup,PlaySphere,60.42,41,3.02,yes,2023-10-23,yes,6.1,0.96
P1975,Rubik's Cube,toys,educational,PlaySphere,63.57,525,2.34,yes,2025-01-25,yes,20.62,1.45
P1976,Lipstick Set,beauty,makeup,Natura,36.11,450,4.17,yes,2025-02-14,no,6.73,0.34
P1977,Rubik's Cube,toys,action_figures,Optima,61.38,873,1.96,yes,2024-11-03,yes,10.03,0.77
P1978,Leather Jacket,fashion,women_dresses,Natura,63.43,896,2.41,yes,2024-11-06,no,12.66,0.82
P1979,Board Game,toys,educational,Acme,27.19,28,3.41,yes,2023-09-06,yes,10.9,1.77
P1980,Bluetooth Earbuds,electronics,mobile,Acme,179.75,442,2.14,yes,2025-01-27,yes,6.72,0.64
P1981,Wireless Mouse,electronics,mobile,Verve,288.28,232,2.84,yes,2023-04-03,yes,16.08,1.94
P1982,Energy Drink,groceries,household,Zenith,3.09,807,2.8,yes,2024-07-02,no,10.13,1.87
P1983,Board Game,toys,action_figures,Zenith,26.59,791,4.48,no,2023-06-14,yes,7.81,1.53
P1984,Face Serum,beauty,haircare,Acme,32.07,901,1.57,yes,2023-04-14,yes,7.45,0.4
P1985,Energy Drink,groceries,snacks,PlaySphere,28.06,595,3.36,yes,2024-05-17,no,6.88,2.49
P1986,Organic Oats,groceries,snacks,Natura,4.53,995,3.1,yes,2025-01-10,yes,12.1,1.78
P1987,Dish Soap,groceries,household,Natura,29.08,351,3.31,yes,2024-03-25,yes,11.31,2.3
P1988,Noise Cancelling Headphones,electronics,camera,Verve,236.63,265,2.88,yes,2023-08-08,yes,1.18,1.44
P1989,Dish Soap,groceries,snacks,Nova,17.19,448,3.18,no,2024-01-01,no,14.71,0.63
P1990,Wireless Mouse,electronics,audio,PlaySphere,371.66,606,2.88,no,2025-02-06,yes,17.38,2.55
P1991,Wooden Bookshelf,home_decor,furniture,Optima,141.63,73,2.35,yes,2023-12-03,no,14.99,4.84
P1992,Storage Rack,home_decor,furniture,Acme,95.66,918,4.07,yes,2024-10-08,no,9.95,2.47
P1993,Organic Oats,groceries,beverages,Verve,43.67,940,1.91,no,2025-01-31,yes,4.16,1.91
P1994,Lipstick Set,beauty,haircare,Natura,12.36,534,2.66,yes,2023-01-21,no,23.92,0.85
P1995,Shampoo Pack,beauty,makeup,Acme,75.6,204,4.34,yes,2024-04-23,yes,19.19,0.3
P1996,Wall Art Frame,home_decor,storage,Acme,188.47,765,2.27,yes,2023-09-04,no,10.88,2.16
P1997,Board Game,toys,educational,Nova,70.4,854,3.23,yes,2024-06-09,yes,8.79,0.66
P1998,Formal Shoes,fashion,women_dresses,PixelHaus,69.69,347,2.22,yes,2024-04-27,no,11.55,0.54
P1999,Moisturizer,beauty,haircare,Acme,14.46,505,3.32,yes,2024-10-28,yes,15.8,0.39
